id,Team_or_Opponent,GA_Goals,PKA_Goals,FK_Goals,CK_Goals,OG_Goals,PSxG_Expected,PSxG_per_SoT_Expected,PSxGPlus_Minus_Expected,_per_90_Expected,Cmp_Launched,Att_Launched,Cmp_percent_Launched,Att (GK)_Passes,Thr_Passes,Launch_percent_Passes,AvgLen_Passes,Att_Goal_Kicks,Launch_percent_Goal_Kicks,AvgLen_Goal_Kicks,Opp_Crosses,Stp_Crosses,Stp_percent_Crosses,#OPA_Sweeper,#OPA_per_90_Sweeper,AvgDist_Sweeper,team_id,season_id,Mins_Per_90
1,team,59,12,3,3,0,56.6,0.27,-2.4,-0.06,375,828,45.3,783,103,66.0,46.1,344,90.4,58.6,527,12,2.3,15,0.39,9.1,102,0,
2,team,38,5,2,2,2,39.8,0.28,3.8,0.1,345,817,42.2,976,172,56.5,41.4,298,89.3,60.9,547,26,4.8,20,0.53,10.0,6,0,
3,team,27,3,1,4,3,29.8,0.24,5.8,0.15,233,592,39.4,637,112,56.4,30.2,320,72.8,50.0,533,12,2.3,12,0.32,,7,0,
4,team,38,6,2,1,0,36.5,0.26,-1.5,-0.04,127,249,51.0,1237,182,15.4,25.7,254,22.8,27.8,401,19,4.7,43,1.13,15.2,10,0,
5,team,60,11,1,4,1,54.8,0.29,-4.2,-0.11,158,464,34.1,1045,171,34.1,33.0,284,38.0,35.5,524,12,2.3,59,1.55,17.8,12,0,
6,team,49,5,3,3,0,45.8,0.28,-3.2,-0.08,202,576,35.1,784,136,44.5,30.1,339,67.0,49.1,604,20,3.3,16,0.42,16.0,19,0,
7,team,56,4,2,3,1,52.2,0.35,-2.8,-0.07,297,896,33.1,882,93,72.3,51.6,268,96.3,70.6,471,26,5.5,77,2.03,17.9,101,0,
8,team,58,6,0,4,2,54.4,0.31,-1.6,-0.04,228,688,33.1,895,133,52.5,31.1,316,69.0,49.6,495,29,5.9,51,1.35,7.8,29,0,
9,team,37,5,0,2,2,38.3,0.3,3.3,0.09,359,970,37.0,880,46,83.4,52.7,259,91.1,58.5,383,20,5.2,69,1.82,18.1,34,0,
10,team,45,4,1,5,0,45.9,0.27,0.9,0.02,329,899,36.6,1074,137,60.1,43.1,325,78.2,55.1,538,27,5.0,68,1.79,16.6,100,0,
11,team,51,6,2,7,1,46.5,0.29,-3.5,-0.09,260,774,33.6,828,165,62.1,46.1,292,89.0,62.5,513,18,3.5,42,1.11,16.2,98,0,
12,team,53,3,1,9,2,54.3,0.23,3.3,0.09,179,515,34.8,813,206,43.2,36.7,354,46.3,39.4,636,20,3.1,49,1.29,16.1,99,0,
13,team,65,15,2,7,1,63.8,0.26,-0.2,-0.01,253,670,37.8,932,185,51.9,38.0,320,58.1,47.8,539,26,4.8,28,0.74,8.3,54,0,
14,team,54,5,3,5,0,51.1,0.33,-2.9,-0.08,289,858,33.7,885,144,67.2,44.6,306,85.9,58.4,488,21,4.3,47,1.24,18.2,67,0,
15,team,25,2,0,5,0,30.8,0.26,5.8,0.15,90,312,28.8,970,227,22.7,30.6,246,37.4,38.2,460,23,5.0,37,0.97,14.5,71,0,
16,team,48,7,2,4,1,45.4,0.26,-1.6,-0.04,220,509,43.2,1128,133,30.1,30.3,246,69.1,48.0,447,13,2.9,65,1.71,17.7,72,0,
17,team,34,3,3,2,1,32.3,0.24,-0.7,-0.02,179,450,39.8,813,179,34.9,34.2,281,59.1,45.5,478,19,4.0,29,0.76,15.0,80,0,
18,team,53,7,3,4,1,50.2,0.22,-1.8,-0.05,211,599,35.2,878,201,41.3,34.2,337,70.0,50.3,619,12,1.9,19,0.5,10.8,91,0,
19,team,43,7,2,5,0,48.0,0.29,5.0,0.13,258,793,32.5,789,130,63.1,49.5,365,80.8,56.1,590,15,2.5,18,0.47,,92,0,
20,team,49,8,0,10,2,45.2,0.22,-1.8,-0.05,146,442,33.0,858,173,32.3,28.0,329,50.2,40.5,648,19,2.9,27,0.71,10.2,93,0,
21,opponent,34,6,0,5,0,36.2,0.3,2.2,0.06,182,528,34.5,911,137,43.4,37.4,230,57.8,47.0,409,19,4.6,43,1.13,16.8,102,0,
22,opponent,41,8,1,4,1,39.5,0.22,-0.5,-0.01,228,636,35.8,897,161,48.6,39.1,319,62.7,47.4,582,25,4.3,34,0.89,14.7,6,0,
23,opponent,51,6,0,3,1,54.0,0.32,4.0,0.1,242,653,37.1,951,157,45.8,37.9,344,63.1,48.3,441,19,4.3,38,1.0,15.2,7,0,
24,opponent,86,6,5,3,2,75.2,0.32,-8.8,-0.23,196,561,34.9,790,156,47.0,38.6,271,70.1,51.7,301,16,5.3,31,0.82,14.1,10,0,
25,opponent,48,6,1,10,0,48.9,0.27,0.9,0.02,238,646,36.8,863,130,48.6,40.0,316,71.8,52.0,457,21,4.6,36,0.95,14.7,12,0,
26,opponent,37,6,3,4,0,43.8,0.25,6.8,0.18,192,550,34.9,816,144,48.2,39.0,234,67.1,49.5,506,15,3.0,46,1.21,15.8,19,0,
27,opponent,39,7,1,6,1,42.2,0.23,4.2,0.11,287,801,35.8,1160,167,50.3,38.8,356,61.0,46.6,667,20,3.0,25,0.66,13.0,101,0,
28,opponent,27,4,1,4,2,32.8,0.24,7.8,0.21,250,681,36.7,918,168,47.8,39.1,330,73.3,52.2,530,28,5.3,46,1.21,15.6,29,0,
29,opponent,43,6,2,7,1,36.9,0.26,-5.1,-0.13,304,797,38.1,1022,133,54.3,41.5,334,72.5,51.7,629,20,3.2,56,1.47,16.5,34,0,
30,opponent,52,5,2,7,2,38.3,0.28,-11.7,-0.31,212,562,37.7,873,146,42.5,37.1,278,68.7,51.0,497,26,5.2,32,0.84,14.5,100,0,
31,opponent,30,3,4,2,0,36.7,0.22,6.7,0.18,233,671,34.7,901,175,49.9,39.7,321,68.8,51.3,566,33,5.8,43,1.13,15.2,98,0,
32,opponent,47,5,1,3,2,43.5,0.29,-1.5,-0.04,247,610,40.5,858,151,47.2,38.4,306,67.0,48.7,531,18,3.4,48,1.26,15.3,99,0,
33,opponent,40,8,2,1,1,38.8,0.24,-0.2,-0.01,226,528,42.8,808,142,38.7,36.0,320,67.2,49.0,506,15,3.0,32,0.84,13.4,54,0,
34,opponent,46,8,1,4,0,41.8,0.23,-4.2,-0.11,233,777,30.0,951,140,54.7,40.9,332,77.4,53.6,597,11,1.8,33,0.87,15.5,67,0,
35,opponent,70,11,1,4,1,73.2,0.28,4.2,0.11,278,695,40.0,963,171,48.1,38.3,336,69.0,50.3,574,14,2.4,39,1.03,15.0,71,0,
36,opponent,56,4,1,7,2,46.3,0.3,-7.7,-0.2,226,701,32.2,924,149,52.8,40.3,286,74.5,53.3,532,15,2.8,29,0.76,13.7,72,0,
37,opponent,54,7,2,5,1,51.4,0.27,-1.6,-0.04,261,730,35.8,926,148,53.7,41.1,311,74.9,51.4,637,22,3.5,27,0.71,12.7,80,0,
38,opponent,46,5,2,4,1,47.0,0.34,2.0,0.05,212,569,37.3,827,138,46.9,38.6,273,66.3,50.5,509,17,3.3,56,1.47,16.5,91,0,
39,opponent,32,3,2,2,1,33.7,0.24,2.7,0.07,232,546,42.5,812,163,43.0,36.8,284,69.4,50.8,492,19,3.9,38,1.0,14.3,92,0,
40,opponent,63,10,1,4,1,61.6,0.3,-0.4,-0.01,259,659,39.3,916,152,50.5,39.2,302,64.9,48.9,478,16,3.3,59,1.55,17.1,93,0,
1,team,57,3,0,5,0,51.1,0.35,-5.9,-0.15,309,615,50.2,792,116,53.7,40.3,306,62.1,44.8,545,19,3.5,37,0.97,14.5,102,1,38.0
1,team,57,3,0,5,0,51.1,0.35,-5.9,-0.15,309,615,50.2,792,116,53.7,40.3,306,62.1,44.8,545,19,3.5,37,0.97,14.5,102,-2,38.0
2,team,42,5,1,6,1,37.4,0.29,-3.6,-0.09,206,493,41.8,817,210,36.5,35.2,270,72.2,52.2,555,24,4.3,36,0.95,15.1,6,1,38.0
2,team,42,5,1,6,1,37.4,0.29,-3.6,-0.09,206,493,41.8,817,210,36.5,35.2,270,72.2,52.2,555,24,4.3,36,0.95,15.1,6,-2,38.0
3,team,25,1,0,5,3,33.1,0.25,11.1,0.29,202,539,37.5,709,131,49.6,39.1,294,63.6,45.9,513,14,2.7,27,0.71,15.7,7,1,38.0
3,team,25,1,0,5,3,33.1,0.25,11.1,0.29,202,539,37.5,709,131,49.6,39.1,294,63.6,45.9,513,14,2.7,27,0.71,15.7,7,-2,38.0
4,team,38,5,1,5,2,36.0,0.24,0.0,0.0,92,207,44.4,1068,193,14.8,24.8,215,22.8,29.3,369,19,5.1,40,1.05,13.9,10,1,38.0
4,team,38,5,1,5,2,36.0,0.24,0.0,0.0,92,207,44.4,1068,193,14.8,24.8,215,22.8,29.3,369,19,5.1,40,1.05,13.9,10,-2,38.0
5,team,50,8,1,4,3,46.8,0.28,-0.2,0.0,212,606,35.0,953,163,48.1,37.8,250,59.2,45.1,505,20,4.0,48,1.26,19.0,12,1,38.0
5,team,50,8,1,4,3,46.8,0.28,-0.2,0.0,212,606,35.0,953,163,48.1,37.8,250,59.2,45.1,505,20,4.0,48,1.26,19.0,12,-2,38.0
6,team,57,7,2,4,1,49.7,0.32,-6.3,-0.17,194,607,32.0,1025,156,40.0,32.7,315,62.5,46.6,553,10,1.8,45,1.18,15.7,19,1,38.0
6,team,57,7,2,4,1,49.7,0.32,-6.3,-0.17,194,607,32.0,1025,156,40.0,32.7,315,62.5,46.6,553,10,1.8,45,1.18,15.7,19,-2,38.0
7,team,58,9,2,4,1,53.8,0.3,-3.2,-0.09,396,998,39.7,846,72,78.7,54.1,349,95.1,65.0,606,33,5.4,26,0.68,27.0,24,1,38.0
7,team,58,9,2,4,1,53.8,0.3,-3.2,-0.09,396,998,39.7,846,72,78.7,54.1,349,95.1,65.0,606,33,5.4,26,0.68,27.0,24,-2,38.0
8,team,52,3,0,5,0,47.5,0.33,-4.5,-0.12,340,847,40.1,938,124,65.9,40.2,250,91.6,68.4,406,14,3.4,63,1.66,24.3,101,1,38.0
8,team,52,3,0,5,0,47.5,0.33,-4.5,-0.12,340,847,40.1,938,124,65.9,40.2,250,91.6,68.4,406,14,3.4,63,1.66,24.3,101,-2,38.0
9,team,55,6,0,6,1,58.8,0.32,4.8,0.13,267,604,44.2,1039,168,36.6,45.0,353,63.5,45.3,537,10,1.9,34,0.89,12.4,27,1,38.0
9,team,55,6,0,6,1,58.8,0.32,4.8,0.13,267,604,44.2,1039,168,36.6,45.0,353,63.5,45.3,537,10,1.9,34,0.89,12.4,27,-2,38.0
10,team,43,7,0,3,3,39.7,0.29,-0.3,-0.01,370,913,40.5,863,48,80.1,51.7,263,84.4,55.4,444,17,3.8,50,1.32,18.5,34,1,38.0
10,team,43,7,0,3,3,39.7,0.29,-0.3,-0.01,370,913,40.5,863,48,80.1,51.7,263,84.4,55.4,444,17,3.8,50,1.32,18.5,34,-2,38.0
11,team,65,6,2,4,1,61.9,0.31,-2.1,-0.05,310,848,36.6,944,79,62.6,46.5,316,81.3,56.1,546,12,2.2,62,1.63,18.0,100,1,38.0
11,team,65,6,2,4,1,61.9,0.31,-2.1,-0.05,310,848,36.6,944,79,62.6,46.5,316,81.3,56.1,546,12,2.2,62,1.63,18.0,100,-2,38.0
12,team,53,5,1,10,2,48.2,0.29,-2.8,-0.07,188,508,37.0,1077,187,35.7,34.2,298,41.6,38.3,539,16,3.0,34,0.89,13.4,103,1,38.0
12,team,53,5,1,10,2,48.2,0.29,-2.8,-0.07,188,508,37.0,1077,187,35.7,34.2,298,41.6,38.3,539,16,3.0,34,0.89,13.4,103,-2,38.0
13,team,57,3,1,6,2,50.0,0.29,-5.0,-0.13,136,382,35.6,936,197,32.4,32.2,282,28.0,29.6,533,8,1.5,71,1.87,18.2,99,1,38.0
13,team,57,3,1,6,2,50.0,0.29,-5.0,-0.13,136,382,35.6,936,197,32.4,32.2,282,28.0,29.6,533,8,1.5,71,1.87,18.2,99,-2,38.0
14,team,48,5,0,5,2,47.0,0.3,1.0,0.03,441,996,44.3,995,92,71.5,48.0,302,94.4,61.3,600,30,5.0,76,2.0,17.5,67,1,38.0
14,team,48,5,0,5,2,47.0,0.3,1.0,0.03,441,996,44.3,995,92,71.5,48.0,302,94.4,61.3,600,30,5.0,76,2.0,17.5,67,-2,38.0
15,team,28,7,0,3,1,32.7,0.22,5.7,0.15,89,300,29.7,1086,243,20.6,29.6,235,32.3,36.6,472,26,5.5,44,1.16,15.7,71,1,38.0
15,team,28,7,0,3,1,32.7,0.22,5.7,0.15,89,300,29.7,1086,243,20.6,29.6,235,32.3,36.6,472,26,5.5,44,1.16,15.7,71,-2,38.0
16,team,38,3,0,4,1,35.0,0.3,-2.0,-0.05,204,520,39.2,998,132,38.2,35.1,217,64.1,49.7,415,9,2.2,47,1.24,17.3,72,1,38.0
16,team,38,3,0,4,1,35.0,0.3,-2.0,-0.05,204,520,39.2,998,132,38.2,35.1,217,64.1,49.7,415,9,2.2,47,1.24,17.3,72,-2,38.0
17,team,33,4,0,4,2,33.5,0.24,2.5,0.07,183,418,43.8,1012,169,29.8,29.2,228,50.9,39.7,512,30,5.9,36,0.95,11.2,80,1,38.0
17,team,33,4,0,4,2,33.5,0.24,2.5,0.07,183,418,43.8,1012,169,29.8,29.2,228,50.9,39.7,512,30,5.9,36,0.95,11.2,80,-2,38.0
18,team,53,5,3,5,2,48.2,0.24,-2.8,-0.07,291,664,43.8,871,145,49.1,36.6,338,69.8,50.4,655,11,1.7,31,0.82,13.4,91,1,38.0
18,team,53,5,3,5,2,48.2,0.24,-2.8,-0.07,291,664,43.8,871,145,49.1,36.6,338,69.8,50.4,655,11,1.7,31,0.82,13.4,91,-2,38.0
19,team,57,6,1,5,0,53.4,0.3,-3.6,-0.1,251,810,31.0,877,133,61.1,43.2,332,82.5,58.3,578,7,1.2,28,0.74,14.9,92,1,38.0
19,team,57,6,1,5,0,53.4,0.3,-3.6,-0.1,251,810,31.0,877,133,61.1,43.2,332,82.5,58.3,578,7,1.2,28,0.74,14.9,92,-2,38.0
20,team,44,7,0,3,2,38.7,0.25,-3.3,-0.09,167,431,38.7,1098,208,26.0,30.2,304,48.0,40.5,597,28,4.7,32,0.84,13.9,93,1,38.0
20,team,44,7,0,3,2,38.7,0.25,-3.3,-0.09,167,431,38.7,1098,208,26.0,30.2,304,48.0,40.5,597,28,4.7,32,0.84,13.9,93,-2,38.0
21,opponent,36,5,2,2,1,35.4,0.29,0.4,0.01,223,618,36.1,1010,154,45.0,37.5,240,68.3,50.7,496,16,3.2,51,1.34,17.8,102,1,38.0
21,opponent,36,5,2,2,1,35.4,0.29,0.4,0.01,223,618,36.1,1010,154,45.0,37.5,240,68.3,50.7,496,16,3.2,51,1.34,17.8,102,-2,38.0
22,opponent,46,4,1,4,3,39.7,0.27,-3.3,-0.09,254,666,38.1,1016,160,44.3,37.9,306,70.6,50.8,609,16,2.6,42,1.11,15.3,6,1,38.0
22,opponent,46,4,1,4,3,39.7,0.27,-3.3,-0.09,254,666,38.1,1016,160,44.3,37.9,306,70.6,50.8,609,16,2.6,42,1.11,15.3,6,-2,38.0
23,opponent,67,5,1,6,2,59.8,0.3,-5.2,-0.14,204,549,37.2,955,160,42.4,36.3,290,49.7,42.2,446,18,4.0,41,1.08,15.3,7,1,38.0
23,opponent,67,5,1,6,2,59.8,0.3,-5.2,-0.14,204,549,37.2,955,160,42.4,36.3,290,49.7,42.2,446,18,4.0,41,1.08,15.3,7,-2,38.0
24,opponent,85,4,3,4,5,77.8,0.31,-2.2,-0.06,225,586,38.4,862,137,46.8,37.9,314,58.3,45.7,355,18,5.1,32,0.84,12.3,10,1,38.0
24,opponent,85,4,3,4,5,77.8,0.31,-2.2,-0.06,225,586,38.4,862,137,46.8,37.9,314,58.3,45.7,355,18,5.1,32,0.84,12.3,10,-2,38.0
25,opponent,50,8,1,9,0,51.0,0.26,1.0,0.03,201,526,38.2,1047,146,37.7,35.0,265,49.4,40.8,454,15,3.3,36,0.95,15.9,12,1,38.0
25,opponent,50,8,1,9,0,51.0,0.26,1.0,0.03,201,526,38.2,1047,146,37.7,35.0,265,49.4,40.8,454,15,3.3,36,0.95,15.9,12,-2,38.0
26,opponent,55,7,1,4,0,50.5,0.31,-4.5,-0.12,267,615,43.4,946,132,48.7,39.7,222,69.4,49.7,416,13,3.1,36,0.95,15.8,19,1,38.0
26,opponent,55,7,1,4,0,50.5,0.31,-4.5,-0.12,267,615,43.4,946,132,48.7,39.7,222,69.4,49.7,416,13,3.1,36,0.95,15.8,19,-2,38.0
27,opponent,36,4,0,5,3,35.2,0.32,2.2,0.06,146,351,41.6,790,166,30.4,31.2,232,47.8,40.9,549,26,4.7,49,1.29,15.9,24,1,38.0
27,opponent,36,4,0,5,3,35.2,0.32,2.2,0.06,146,351,41.6,790,166,30.4,31.2,232,47.8,40.9,549,26,4.7,49,1.29,15.9,24,-2,38.0
28,opponent,29,4,0,5,0,38.5,0.23,9.5,0.25,350,898,39.0,1184,154,54.8,39.7,373,66.8,49.7,822,20,2.4,32,0.84,12.6,101,1,38.0
28,opponent,29,4,0,5,0,38.5,0.23,9.5,0.25,350,898,39.0,1184,154,54.8,39.7,373,66.8,49.7,822,20,2.4,32,0.84,12.6,101,-2,38.0
29,opponent,34,2,0,5,1,31.9,0.34,-1.1,-0.03,175,402,43.5,819,138,34.9,33.7,208,55.8,44.7,509,16,3.1,47,1.24,16.6,27,1,38.0
29,opponent,34,2,0,5,1,31.9,0.34,-1.1,-0.03,175,402,43.5,819,138,34.9,33.7,208,55.8,44.7,509,16,3.1,47,1.24,16.6,27,-2,38.0
30,opponent,28,3,0,0,1,27.7,0.22,0.7,0.02,291,696,41.8,1026,173,48.5,39.6,300,66.0,49.5,606,25,4.1,51,1.34,17.0,34,1,38.0
30,opponent,28,3,0,0,1,27.7,0.22,0.7,0.02,291,696,41.8,1026,173,48.5,39.6,300,66.0,49.5,606,25,4.1,51,1.34,17.0,34,-2,38.0
31,opponent,47,3,1,7,0,44.0,0.33,-3.0,-0.08,230,564,40.8,910,151,43.2,36.9,272,62.9,48.2,470,22,4.7,37,0.97,15.2,100,1,38.0
31,opponent,47,3,1,7,0,44.0,0.33,-3.0,-0.08,230,564,40.8,910,151,43.2,36.9,272,62.9,48.2,470,22,4.7,37,0.97,15.2,100,-2,38.0
32,opponent,34,3,0,4,2,36.6,0.26,4.6,0.12,221,581,38.0,903,169,42.6,37.1,295,66.4,50.4,624,19,3.0,47,1.24,16.5,103,1,38.0
32,opponent,34,3,0,4,2,36.6,0.26,4.6,0.12,221,581,38.0,903,169,42.6,37.1,295,66.4,50.4,624,19,3.0,47,1.24,16.5,103,-2,38.0
33,opponent,46,3,0,5,1,40.1,0.27,-4.9,-0.13,283,695,40.7,920,146,51.8,40.3,295,73.9,54.4,506,17,3.4,53,1.39,17.2,99,1,38.0
33,opponent,46,3,0,5,1,40.1,0.27,-4.9,-0.13,283,695,40.7,920,146,51.8,40.3,295,73.9,54.4,506,17,3.4,53,1.39,17.2,99,-2,38.0
34,opponent,37,5,0,2,1,34.6,0.25,-1.4,-0.04,193,643,30.0,980,149,45.7,37.2,315,61.9,45.8,544,13,2.4,41,1.08,16.2,67,1,38.0
34,opponent,37,5,0,2,1,34.6,0.25,-1.4,-0.04,193,643,30.0,980,149,45.7,37.2,315,61.9,45.8,544,13,2.4,41,1.08,16.2,67,-2,38.0
35,opponent,67,3,1,8,3,53.1,0.3,-10.9,-0.29,290,691,42.0,942,157,45.9,38.0,354,73.2,50.7,562,20,3.6,37,0.97,14.3,71,1,38.0
35,opponent,67,3,1,8,3,53.1,0.3,-10.9,-0.29,290,691,42.0,942,157,45.9,38.0,354,73.2,50.7,562,20,3.6,37,0.97,14.3,71,-2,38.0
36,opponent,59,9,2,8,1,53.5,0.3,-4.5,-0.12,295,744,39.7,1016,132,51.4,39.8,288,77.1,53.4,523,15,2.9,36,0.95,14.0,72,1,38.0
36,opponent,59,9,2,8,1,53.5,0.3,-4.5,-0.12,295,744,39.7,1016,132,51.4,39.8,288,77.1,53.4,523,15,2.9,36,0.95,14.0,72,-2,38.0
37,opponent,53,6,0,5,1,46.7,0.28,-5.3,-0.14,284,693,41.0,911,127,50.2,39.7,347,68.0,49.3,551,10,1.8,57,1.5,19.1,80,1,38.0
37,opponent,53,6,0,5,1,46.7,0.28,-5.3,-0.14,284,693,41.0,911,127,50.2,39.7,347,68.0,49.3,551,10,1.8,57,1.5,19.1,80,-2,38.0
38,opponent,50,8,1,6,2,45.4,0.27,-2.6,-0.07,222,584,38.0,833,135,48.1,38.9,262,69.8,49.9,462,19,4.1,38,1.0,15.8,91,1,38.0
38,opponent,50,8,1,6,2,45.4,0.27,-2.6,-0.07,222,584,38.0,833,135,48.1,38.9,262,69.8,49.9,462,19,4.1,38,1.0,15.8,91,-2,38.0
39,opponent,34,7,0,4,0,38.1,0.26,4.1,0.11,262,603,43.4,902,137,46.1,38.4,284,65.8,50.2,556,23,4.1,43,1.13,15.1,92,1,38.0
39,opponent,34,7,0,4,0,38.1,0.26,4.1,0.11,262,603,43.4,902,137,46.1,38.4,284,65.8,50.2,556,23,4.1,43,1.13,15.1,92,-2,38.0
40,opponent,60,12,1,3,3,63.1,0.32,6.1,0.16,232,601,38.6,972,143,44.1,37.5,255,67.5,48.6,420,16,3.8,61,1.61,17.3,93,1,38.0
40,opponent,60,12,1,3,3,63.1,0.32,6.1,0.16,232,601,38.6,972,143,44.1,37.5,255,67.5,48.6,420,16,3.8,61,1.61,17.3,93,-2,38.0
1,team,65,6,0,10,0,58.5,0.3,-6.5,-0.17,369,783,47.1,808,96,64.6,53.3,351,74.4,50.9,619,26,4.2,48,1.26,17.6,102,2,38.0
2,team,36,3,0,2,1,36.9,0.26,1.9,0.05,158,402,39.3,748,201,35.4,33.8,269,50.9,41.7,577,30,5.2,41,1.08,15.2,6,2,38.0
3,team,43,7,2,4,3,32.3,0.23,-7.7,-0.2,170,598,28.4,810,155,49.9,39.0,283,68.6,48.6,477,27,5.7,29,0.76,13.8,7,2,38.0
4,team,38,2,1,7,0,34.1,0.26,-3.9,-0.1,147,289,50.9,1167,165,18.8,26.9,240,29.2,32.3,384,15,3.9,38,1.0,15.3,10,2,38.0
5,team,40,3,0,3,2,39.1,0.27,1.1,0.03,201,547,36.7,962,157,41.4,33.1,275,54.2,43.9,592,24,4.1,41,1.08,15.7,12,2,38.0
6,team,43,4,0,1,2,43.3,0.27,2.3,0.06,303,804,37.7,1176,131,51.3,40.3,283,71.0,52.4,452,36,8.0,37,0.97,14.3,19,2,38.0
7,team,51,11,0,10,0,52.8,0.24,1.8,0.05,272,792,34.3,840,119,63.3,46.0,313,83.1,60.2,586,42,7.2,28,0.74,12.1,24,2,38.0
8,team,52,7,0,6,0,54.5,0.27,2.5,0.07,257,626,41.1,966,183,42.1,36.4,346,63.3,45.9,616,25,4.1,56,1.47,15.2,27,2,38.0
9,team,53,4,0,4,2,53.6,0.3,2.6,0.07,171,466,36.7,897,221,35.1,33.8,337,44.8,36.9,662,38,5.7,48,1.26,13.7,29,2,38.0
10,team,41,2,0,5,1,40.9,0.29,0.9,0.02,366,869,42.1,892,101,69.5,61.0,294,84.7,54.2,576,26,4.5,45,1.18,5.0,34,2,38.0
11,team,61,7,0,7,2,60.2,0.27,1.2,0.03,267,818,32.6,922,162,57.7,44.0,380,75.3,52.0,615,32,5.2,64,1.68,16.1,100,2,38.0
12,team,76,5,1,13,0,65.9,0.3,-10.1,-0.27,155,460,33.7,821,151,42.1,36.6,309,36.9,34.6,532,19,3.6,47,1.24,15.6,99,2,38.0
13,team,63,6,1,5,4,53.8,0.3,-5.2,-0.14,244,595,41.0,787,130,52.4,39.4,312,58.7,43.5,576,17,3.0,20,0.53,12.6,54,2,38.0
14,team,51,4,0,11,2,49.1,0.29,0.1,0.0,396,876,45.2,884,84,68.6,46.5,315,85.7,58.5,546,24,4.4,71,1.87,18.1,67,2,38.0
15,team,50,7,0,4,1,49.7,0.25,0.7,0.02,224,648,34.6,889,193,50.6,42.1,283,70.0,52.2,495,44,8.9,41,1.08,13.9,70,2,38.0
16,team,31,3,1,2,0,37.0,0.25,6.0,0.16,79,261,30.3,926,201,21.0,28.8,289,23.2,28.2,506,24,4.7,31,0.82,15.5,71,2,38.0
17,team,37,5,1,8,0,35.5,0.24,-1.5,-0.04,211,521,40.5,1094,139,34.1,32.9,269,55.0,44.0,522,21,4.0,51,1.34,16.4,72,2,38.0
18,team,30,2,2,6,0,31.3,0.24,1.3,0.03,181,446,40.6,1051,145,29.0,29.1,277,50.9,40.6,503,32,6.4,36,0.95,13.7,80,2,38.0
19,team,53,7,0,7,3,54.1,0.29,4.1,0.11,248,623,39.8,749,140,55.3,39.8,298,70.1,50.4,534,20,3.7,45,1.18,16.0,91,2,38.0
20,team,37,4,0,3,1,37.1,0.26,1.1,0.03,146,385,37.9,1232,199,23.1,28.0,281,35.9,35.3,583,25,4.3,66,1.74,16.8,93,2,38.0
21,opponent,31,6,0,6,2,32.0,0.22,3.0,0.08,221,604,36.6,1038,176,43.4,36.9,277,55.2,42.2,585,31,5.3,48,1.26,16.2,102,2,38.0
22,opponent,43,3,1,7,3,47.5,0.26,7.5,0.2,320,765,41.8,1144,172,48.8,39.8,322,64.3,48.4,622,26,4.2,56,1.47,15.9,6,2,38.0
23,opponent,65,4,0,7,2,59.5,0.36,-3.5,-0.09,213,542,39.3,927,139,39.7,36.1,341,51.0,42.6,552,25,4.5,28,0.74,14.1,7,2,38.0
24,opponent,68,6,0,5,0,61.0,0.3,-7.0,-0.18,291,728,40.0,975,131,51.7,39.8,362,61.9,45.1,626,25,4.0,37,0.97,14.2,10,2,38.0
25,opponent,62,6,2,5,2,53.1,0.26,-6.9,-0.18,226,537,42.1,902,158,42.5,36.5,284,54.2,43.2,424,14,3.3,43,1.13,15.8,12,2,38.0
26,opponent,43,3,0,2,0,44.4,0.28,1.4,0.04,255,623,40.9,914,146,46.9,39.1,282,68.8,48.2,608,23,3.8,43,1.13,14.8,19,2,38.0
27,opponent,35,3,1,2,0,40.2,0.29,5.2,0.14,235,501,46.9,893,184,36.7,33.8,308,56.2,44.9,687,47,6.8,61,1.61,15.0,24,2,38.0
28,opponent,40,1,0,3,1,33.0,0.3,-6.0,-0.16,186,445,41.8,794,136,40.2,35.9,244,51.6,42.5,529,25,4.7,58,1.53,17.3,27,2,38.0
29,opponent,40,5,1,7,1,37.3,0.24,-1.7,-0.05,191,389,49.1,792,149,32.6,33.1,266,49.2,40.3,458,19,4.1,35,0.92,14.4,29,2,38.0
30,opponent,33,3,0,4,2,29.4,0.21,-1.6,-0.04,199,497,40.0,969,185,37.7,35.1,248,53.2,43.0,471,26,5.5,50,1.32,17.0,34,2,38.0
31,opponent,44,3,0,11,1,37.5,0.26,-5.5,-0.14,200,544,36.8,880,143,41.3,36.7,314,57.6,45.2,530,23,4.3,43,1.13,15.1,100,2,38.0
32,opponent,51,8,0,3,0,55.3,0.28,4.3,0.11,214,585,36.6,938,170,43.4,37.3,300,59.3,45.1,485,34,7.0,50,1.32,15.5,99,2,38.0
33,opponent,36,6,0,5,3,42.8,0.27,9.8,0.26,192,519,37.0,894,139,40.6,37.0,273,57.1,43.8,440,22,5.0,51,1.34,17.0,54,2,38.0
34,opponent,37,6,1,5,0,39.3,0.26,2.3,0.06,191,625,30.6,998,157,41.7,36.2,340,61.5,46.8,694,37,5.3,31,0.82,13.2,67,2,38.0
35,opponent,39,4,0,5,1,39.5,0.27,1.5,0.04,273,708,38.6,1007,166,47.1,38.8,337,69.4,51.4,645,29,4.5,39,1.03,14.8,70,2,38.0
36,opponent,80,8,0,10,0,81.0,0.29,1.0,0.03,254,612,41.5,823,142,45.1,38.1,359,67.1,48.2,472,20,4.2,35,0.92,14.9,71,2,38.0
37,opponent,40,9,2,5,0,47.5,0.25,7.5,0.2,229,682,33.6,1003,142,50.8,40.0,262,65.6,46.9,481,30,6.2,45,1.18,15.1,72,2,38.0
38,opponent,53,2,1,11,2,41.1,0.27,-9.9,-0.26,254,699,36.3,914,147,50.1,40.0,324,74.4,50.9,626,29,4.6,44,1.16,13.7,80,2,38.0
39,opponent,48,8,0,5,3,40.7,0.23,-4.3,-0.11,220,586,37.5,918,157,46.7,37.7,284,55.3,44.3,576,33,5.7,33,0.87,13.3,91,2,38.0
40,opponent,63,5,0,10,1,57.5,0.31,-4.5,-0.12,201,618,32.5,898,134,49.8,40.3,277,61.7,46.4,442,29,6.6,53,1.39,15.6,93,2,38.0
1,team,65,4,1,5,1,63.4,0.29,-0.6,-0.01,204,572,35.7,990,220,39.2,40.2,356,51.7,42.6,642,40,6.2,28,0.74,14.5,1,3,38.0
2,team,43,3,1,1,3,37.2,0.29,-2.8,-0.07,171,452,37.8,925,187,30.9,33.2,264,62.9,48.3,451,29,6.4,50,1.32,17.5,6,3,38.0
3,team,33,4,1,5,0,36.3,0.26,3.3,0.09,166,525,31.6,812,165,39.8,34.1,334,60.5,46.3,575,48,8.3,26,0.68,9.2,7,3,38.0
4,team,20,3,0,2,3,25.1,0.22,8.1,0.21,169,338,50.0,1216,190,22.3,28.9,223,30.0,32.5,375,18,4.8,43,1.13,16.4,10,3,38.0
5,team,41,3,1,7,1,44.0,0.29,4.0,0.1,229,635,36.1,956,149,44.0,39.6,315,67.9,49.1,582,22,3.8,43,1.13,12.1,12,3,38.0
6,team,53,5,1,10,1,42.9,0.27,-9.1,-0.24,184,506,36.4,934,171,37.5,35.3,289,54.0,43.9,509,22,4.3,39,1.03,18.1,19,3,38.0
7,team,53,9,1,7,0,53.4,0.22,0.4,0.01,270,829,32.6,916,150,59.1,46.4,322,89.4,64.2,651,44,6.8,30,0.79,13.6,24,3,38.0
8,team,67,7,0,6,2,71.9,0.31,6.9,0.18,195,442,44.1,819,175,33.8,34.9,318,51.9,40.9,600,22,3.7,21,0.55,14.0,27,3,38.0
9,team,69,5,1,9,2,54.5,0.27,-12.5,-0.33,305,659,46.3,865,122,49.7,36.2,347,66.0,48.0,557,27,4.8,46,1.21,13.8,29,3,38.0
10,team,45,4,0,7,2,45.5,0.23,2.5,0.07,409,904,45.2,782,99,75.1,49.8,347,91.4,59.8,586,36,6.1,46,1.21,15.0,34,3,38.0
11,team,55,6,2,5,0,62.0,0.33,7.0,0.18,169,464,36.4,1075,192,28.4,32.4,329,48.3,41.9,597,43,7.2,59,1.55,15.1,35,3,38.0
12,team,43,6,0,3,0,41.5,0.24,-1.5,-0.04,351,841,41.7,950,130,61.9,54.9,338,74.9,54.0,657,35,5.3,21,0.55,4.0,54,3,38.0
13,team,42,1,1,3,2,39.1,0.26,-0.9,-0.02,342,789,43.3,1084,145,53.4,41.1,315,66.7,50.8,534,30,5.6,57,1.5,16.3,67,3,38.0
14,team,53,4,0,11,4,45.9,0.3,-3.1,-0.08,154,545,28.3,834,204,44.5,38.6,310,56.1,46.5,512,24,4.7,54,1.42,16.1,70,3,38.0
15,team,36,4,0,2,1,34.2,0.22,-0.8,-0.02,97,241,40.2,1108,230,17.7,23.3,253,17.8,25.0,420,33,7.9,51,1.34,21.7,71,3,38.0
16,team,35,1,1,3,2,32.8,0.24,-0.2,0.0,244,572,42.7,1062,138,40.9,35.9,244,56.6,46.2,453,18,4.0,47,1.24,15.9,72,3,38.0
17,team,54,2,1,5,3,49.5,0.3,-1.5,-0.04,218,629,34.7,1143,136,38.0,44.0,307,63.5,49.3,524,32,6.1,49,1.29,12.2,80,3,38.0
18,team,45,2,0,7,2,42.9,0.28,-0.1,0.0,177,522,33.9,806,142,42.7,35.1,276,64.5,48.1,457,35,7.7,47,1.24,16.3,91,3,38.0
19,team,63,6,1,0,1,62.6,0.28,0.6,0.02,192,553,34.7,963,170,38.3,35.8,358,51.4,41.9,563,20,3.6,33,0.87,16.1,92,3,38.0
20,team,40,4,0,4,1,43.7,0.27,4.7,0.12,114,330,34.5,1159,191,21.7,28.8,293,26.6,29.1,548,37,6.8,45,1.18,15.5,93,3,38.0
21,opponent,49,2,1,11,0,43.2,0.27,-5.8,-0.15,187,493,37.9,931,166,36.8,35.4,267,56.2,45.0,453,36,7.9,50,1.32,16.4,1,3,38.0
22,opponent,47,5,1,2,1,52.0,0.28,6.0,0.16,271,721,37.6,1128,211,44.9,37.7,363,59.0,46.8,703,44,6.3,43,1.13,13.5,6,3,38.0
23,opponent,70,1,0,8,2,62.5,0.32,-5.5,-0.14,199,468,42.5,1002,189,33.1,34.2,298,45.6,40.7,497,32,6.4,66,1.74,15.6,7,3,38.0
24,opponent,70,0,0,4,1,63.6,0.34,-5.4,-0.14,287,724,39.6,923,149,52.2,41.2,387,62.5,47.0,561,26,4.6,50,1.32,15.5,10,3,38.0
25,opponent,46,8,1,5,3,48.6,0.27,5.6,0.15,186,449,41.4,944,160,33.3,33.5,271,49.8,42.6,400,17,4.3,37,0.97,16.7,12,3,38.0
26,opponent,43,2,0,3,2,42.7,0.25,1.7,0.04,208,523,39.8,950,142,37.8,36.3,279,58.8,45.2,559,29,5.2,26,0.68,12.5,19,3,38.0
27,opponent,30,4,0,1,1,32.7,0.26,3.7,0.1,219,518,42.3,948,194,36.7,34.5,323,52.6,42.6,519,39,7.5,55,1.45,15.3,24,3,38.0
28,opponent,30,4,0,7,0,33.4,0.23,3.4,0.09,202,487,41.5,898,133,34.7,34.0,284,61.6,46.4,581,26,4.5,29,0.76,13.1,27,3,38.0
29,opponent,52,5,0,9,1,50.2,0.29,-0.8,-0.02,199,501,39.7,937,195,35.9,35.2,310,53.2,42.2,542,38,7.0,33,0.87,13.4,29,3,38.0
30,opponent,34,5,2,2,0,36.4,0.25,2.4,0.06,217,582,37.3,1110,169,39.1,36.2,250,59.2,46.4,512,32,6.3,51,1.34,16.6,34,3,38.0
31,opponent,58,8,0,3,3,51.2,0.25,-3.8,-0.1,219,563,38.9,925,133,41.3,36.9,292,62.0,47.7,568,27,4.8,37,0.97,14.8,35,3,38.0
32,opponent,37,4,0,7,1,32.3,0.25,-3.7,-0.1,156,454,34.4,857,183,34.1,33.8,235,68.9,50.0,486,32,6.6,37,0.97,13.9,54,3,38.0
33,opponent,37,4,0,4,1,36.6,0.24,0.6,0.02,197,564,34.9,1096,178,35.7,34.4,325,53.2,43.6,649,45,6.9,49,1.29,15.1,67,3,38.0
34,opponent,45,4,2,4,4,38.0,0.21,-3.0,-0.08,253,634,39.9,1048,159,41.1,37.5,329,61.7,47.8,622,26,4.2,51,1.34,17.6,70,3,38.0
35,opponent,75,9,3,9,2,67.6,0.27,-5.4,-0.14,237,594,39.9,864,152,42.8,38.1,351,63.8,48.2,448,27,6.0,21,0.55,12.2,71,3,38.0
36,opponent,51,2,1,4,4,53.4,0.29,6.4,0.17,221,736,30.0,1144,158,46.7,39.4,301,67.1,49.9,422,29,6.9,40,1.05,16.1,72,3,38.0
37,opponent,47,4,0,7,0,43.2,0.28,-3.8,-0.1,202,590,34.2,991,176,40.7,36.3,327,57.2,44.2,649,28,4.3,39,1.03,13.8,80,3,38.0
38,opponent,42,5,1,3,2,46.9,0.28,6.9,0.18,217,594,36.5,951,159,44.0,37.7,323,54.5,44.8,701,42,6.0,35,0.92,12.8,91,3,38.0
39,opponent,33,3,0,4,1,34.2,0.22,2.2,0.06,250,605,41.3,902,152,43.6,37.8,323,65.6,49.9,527,18,3.4,45,1.18,17.1,92,3,38.0
40,opponent,59,4,1,5,2,60.0,0.29,3.0,0.08,233,548,42.5,850,148,42.9,37.8,300,61.0,47.4,394,22,5.6,41,1.08,14.9,93,3,38.0
1,team,46,8,0,4,2,44.8,0.25,0.8,0.02,315,778,40.5,886,125,62.2,41.7,335,67.8,48.4,530,29,5.5,37,0.97,15.2,102,4,38.0
2,team,75,6,0,8,0,70.3,0.32,-4.7,-0.12,181,615,29.4,1115,180,39.5,35.5,330,53.0,41.7,629,29,4.6,47,1.24,14.5,1,4,38.0
3,team,37,1,0,2,4,40.4,0.28,7.4,0.2,238,728,32.7,1050,164,48.0,32.4,272,82.4,59.3,491,33,6.7,49,1.29,15.3,6,4,38.0
4,team,43,1,0,3,0,39.8,0.28,-3.2,-0.08,114,336,33.9,725,180,27.2,31.5,298,46.6,39.0,579,36,6.2,22,0.58,11.8,7,4,38.0
5,team,44,2,0,1,0,41.6,0.28,-2.4,-0.06,113,216,52.3,1076,161,14.7,26.3,255,22.7,27.9,450,15,3.3,36,0.95,15.6,10,4,38.0
6,team,45,7,3,3,3,47.5,0.26,5.5,0.15,180,510,35.3,1022,167,35.2,30.6,279,53.8,42.6,541,38,7.0,42,1.11,12.6,12,4,38.0
7,team,57,6,0,7,3,56.0,0.31,2.0,0.05,176,494,35.6,811,182,38.3,35.5,312,58.7,45.4,556,28,5.0,36,0.95,13.3,19,4,38.0
8,team,55,2,0,6,1,51.7,0.3,-2.3,-0.06,364,910,40.0,991,123,62.8,49.3,342,84.2,60.7,617,60,9.7,45,1.18,7.0,24,4,38.0
9,team,54,5,0,7,0,55.2,0.29,1.2,0.03,341,915,37.3,977,124,66.6,39.2,322,82.0,56.2,463,18,3.9,62,1.63,10.7,34,4,38.0
10,team,46,5,0,8,0,51.1,0.28,5.1,0.13,155,420,36.9,1074,178,27.1,30.0,312,41.3,37.9,534,41,7.7,33,0.87,13.2,35,4,38.0
11,team,79,5,0,12,2,70.2,0.33,-6.8,-0.18,231,626,36.9,1096,185,40.1,32.2,293,63.8,47.9,536,33,6.2,52,1.37,12.6,100,4,38.0
12,team,47,5,0,5,3,51.2,0.29,7.2,0.19,146,473,30.9,1733,204,23.3,27.3,265,26.4,27.1,545,30,5.5,100,2.63,17.8,104,4,38.0
13,team,44,4,1,4,1,43.6,0.26,0.6,0.02,333,824,40.4,981,128,61.0,33.0,332,68.1,51.3,520,34,6.5,29,0.76,7.0,54,4,38.0
14,team,56,1,0,8,0,51.8,0.33,-4.2,-0.11,329,771,42.7,1071,119,55.2,40.4,308,58.4,43.4,537,30,5.6,58,1.53,16.4,67,4,38.0
15,team,48,1,1,5,2,47.8,0.31,1.8,0.05,170,613,27.7,915,176,46.3,36.3,320,59.1,47.8,534,23,4.3,40,1.05,17.0,70,4,38.0
16,team,26,1,0,2,1,34.4,0.29,9.4,0.25,79,210,37.6,952,177,17.1,27.0,291,16.2,24.3,487,35,7.2,38,1.0,14.7,71,4,38.0
17,team,39,6,0,5,1,40.8,0.27,2.8,0.07,192,465,41.3,1099,116,31.8,37.0,199,58.3,45.6,410,19,4.6,58,1.53,20.1,72,4,38.0
18,team,54,5,1,4,2,53.5,0.28,1.5,0.04,224,613,36.5,920,182,43.8,32.7,288,72.9,53.4,520,31,6.0,32,0.84,15.4,80,4,38.0
19,team,45,3,1,7,2,51.4,0.29,8.4,0.22,191,696,27.4,883,148,58.2,41.4,275,66.2,49.9,561,46,8.2,32,0.84,12.3,91,4,38.0
20,team,65,6,1,9,1,61.7,0.27,-2.3,-0.06,150,378,39.7,1015,190,26.8,30.2,354,29.9,29.8,688,35,5.1,36,0.95,5.3,93,4,38.0
21,opponent,36,3,0,5,3,43.1,0.26,10.1,0.27,193,497,38.8,1023,203,32.7,33.2,338,47.9,40.8,584,38,6.5,29,0.76,12.4,102,4,38.0
22,opponent,43,2,0,1,1,46.2,0.28,4.2,0.11,204,568,35.9,992,158,39.7,35.2,302,57.6,44.6,503,35,7.0,43,1.13,15.0,1,4,38.0
23,opponent,61,3,0,6,2,59.7,0.34,0.7,0.02,216,576,37.5,1189,170,34.4,33.3,306,54.6,43.4,651,32,4.9,45,1.18,15.0,6,4,38.0
24,opponent,70,5,0,4,2,65.7,0.3,-2.3,-0.06,194,535,36.3,1020,160,38.5,36.1,297,47.8,40.8,476,34,7.1,42,1.11,14.0,7,4,38.0
25,opponent,79,6,2,9,3,73.1,0.3,-2.9,-0.08,251,737,34.1,960,152,53.2,41.0,328,68.9,50.2,515,36,7.0,45,1.19,14.2,10,4,38.0
26,opponent,48,2,1,5,2,40.5,0.25,-5.5,-0.15,199,532,37.4,1055,152,37.5,33.8,279,48.7,40.4,483,31,6.4,33,0.87,12.9,12,4,38.0
27,opponent,46,3,0,3,1,50.4,0.3,5.4,0.14,202,559,36.1,958,141,41.0,36.4,299,55.5,42.8,504,29,5.8,59,1.55,15.9,19,4,38.0
28,opponent,26,3,1,4,1,32.8,0.25,7.8,0.21,203,523,38.8,871,179,41.2,37.5,304,53.9,42.2,602,41,6.8,47,1.24,15.3,24,4,38.0
29,opponent,42,6,0,6,0,48.1,0.27,6.1,0.16,193,611,31.6,1204,194,38.0,34.9,280,55.0,44.3,559,38,6.8,31,0.82,13.5,34,4,38.0
30,opponent,85,7,0,7,1,73.4,0.37,-10.6,-0.28,234,555,42.2,921,146,41.8,37.2,299,56.9,44.6,525,32,6.1,45,1.18,15.2,35,4,38.0
31,opponent,38,5,0,1,3,37.5,0.25,2.5,0.07,220,610,36.1,1057,154,41.9,36.9,271,61.6,46.6,508,34,6.7,42,1.11,14.4,100,4,38.0
32,opponent,33,3,1,4,0,37.2,0.26,4.2,0.11,231,627,36.8,1046,154,45.4,37.3,263,57.8,45.9,429,23,5.4,68,1.79,17.6,104,4,38.0
33,opponent,33,1,0,10,0,34.1,0.25,1.1,0.03,211,611,34.5,955,162,45.3,38.3,273,65.2,47.4,589,44,7.5,52,1.37,14.5,54,4,38.0
34,opponent,45,4,0,7,0,42.5,0.3,-2.5,-0.07,175,538,32.5,1024,189,37.1,35.1,304,52.0,42.5,641,28,4.4,52,1.37,15.7,67,4,38.0
35,opponent,29,6,1,3,0,43.4,0.23,14.4,0.38,245,640,38.3,1122,148,40.6,35.8,332,55.4,45.1,526,29,5.5,45,1.18,15.4,70,4,38.0
36,opponent,87,2,0,9,2,73.2,0.29,-11.8,-0.31,181,508,35.6,928,189,36.1,35.0,322,53.7,43.3,468,21,4.5,28,0.74,12.5,71,4,38.0
37,opponent,51,4,2,7,3,49.5,0.32,1.5,0.04,269,777,34.6,1090,107,52.2,40.9,331,62.8,47.1,519,30,5.8,30,0.79,13.8,72,4,38.0
38,opponent,48,2,0,10,2,51.2,0.31,5.2,0.14,170,501,33.9,871,168,36.9,35.3,348,51.7,42.1,727,28,3.9,38,1.0,13.8,80,4,38.0
39,opponent,40,8,0,1,1,42.4,0.27,3.4,0.09,236,535,44.1,1101,147,35.0,34.5,260,57.7,46.1,441,33,7.5,58,1.53,15.4,91,4,38.0
40,opponent,65,5,0,8,1,61.0,0.33,-3.0,-0.08,195,551,35.4,1005,136,41.0,36.2,246,56.5,44.0,478,27,5.6,52,1.37,15.2,93,4,38.0
