id,Competition_Name,Gender,Country,Team_or_Opponent,MP_Playing_Time,Starts_Playing_Time,Min_Playing_Time,Mins_Per_90_Playing_Time,GA,GA90,SoTA,Saves,Save_percent,W,D,L,CS,CS_percent,PKatt_Penalty_Kicks,PKA_Penalty_Kicks,PKsv_Penalty_Kicks,PKm_Penalty_Kicks,Save_percent_Penalty_Kicks,team_id,season_id
1,La Liga,M,ESP,team,38,38,3418,38,59,1.55,161,99,70.8,10,9,19,9,23.7,15,12,3,0,20.0,102,0
2,La Liga,M,ESP,team,38,38,3416,38,38,1.0,128,92,74.2,13,12,13,12,31.6,7,5,0,2,0.0,6,0
3,La Liga,M,ESP,team,38,38,3420,38,27,0.71,112,88,78.6,18,16,4,17,44.7,4,3,0,1,0.0,7,0
4,La Liga,M,ESP,team,38,38,3420,38,38,1.0,119,80,73.1,25,7,6,15,39.5,7,6,1,0,14.3,10,0
5,La Liga,M,ESP,team,38,38,3418,38,60,1.58,154,95,68.2,10,11,17,6,15.8,11,11,0,0,0.0,12,0
6,La Liga,M,ESP,team,38,38,3420,38,49,1.29,149,100,70.5,7,16,15,12,31.6,5,5,0,0,0.0,19,0
7,La Liga,M,ESP,team,38,38,3420,38,56,1.47,138,81,62.3,11,9,18,11,28.9,6,4,2,0,33.3,101,0
8,La Liga,M,ESP,team,38,38,3412,38,58,1.53,163,106,68.1,5,10,23,6,15.8,7,6,1,0,14.3,29,0
9,La Liga,M,ESP,team,38,38,3420,38,37,0.97,109,73,70.6,14,12,12,15,39.5,6,5,1,0,16.7,34,0
10,La Liga,M,ESP,team,38,38,3420,38,45,1.18,156,110,73.7,16,8,14,13,34.2,5,4,1,0,20.0,100,0
11,La Liga,M,ESP,team,38,38,3419,38,51,1.34,138,87,67.4,8,12,18,9,23.7,7,6,1,0,14.3,98,0
12,La Liga,M,ESP,team,38,38,3420,38,53,1.39,215,161,76.7,14,7,17,6,15.8,6,3,2,1,40.0,99,0
13,La Liga,M,ESP,team,38,38,3420,38,65,1.71,190,125,73.7,9,6,23,5,13.2,16,15,1,0,6.3,54,0
14,La Liga,M,ESP,team,38,38,3418,38,54,1.42,143,89,65.7,13,13,12,11,28.9,5,5,0,0,0.0,67,0
15,La Liga,M,ESP,team,38,38,3420,38,25,0.66,110,85,79.1,26,9,3,19,50.0,2,2,0,0,0.0,71,0
16,La Liga,M,ESP,team,38,38,3420,38,48,1.26,144,96,71.5,16,8,14,9,23.7,9,7,1,1,12.5,72,0
17,La Liga,M,ESP,team,38,38,3420,38,34,0.89,117,83,73.5,19,13,6,17,44.7,4,3,1,0,25.0,80,0
18,La Liga,M,ESP,team,38,38,3420,38,53,1.39,190,136,75.8,14,11,13,8,21.1,9,7,2,0,22.2,91,0
19,La Liga,M,ESP,team,38,38,3420,38,43,1.13,139,95,74.1,9,15,14,12,31.6,8,7,1,0,12.5,92,0
20,La Liga,M,ESP,team,38,38,3420,38,49,1.29,164,116,75.0,18,6,14,12,31.6,9,8,1,0,11.1,93,0
21,La Liga,M,ESP,opponent,38,38,3420,38,34,0.89,104,70,73.1,19,9,10,14,36.8,6,6,0,0,0.0,102,0
22,La Liga,M,ESP,opponent,38,38,3420,38,41,1.08,136,94,75.7,13,12,13,13,34.2,10,8,2,0,20.0,6,0
23,La Liga,M,ESP,opponent,38,38,3419,38,51,1.34,144,92,68.8,4,16,18,9,23.7,8,6,2,0,25.0,7,0
24,La Liga,M,ESP,opponent,38,38,3420,38,86,2.26,219,135,63.5,6,7,25,6,15.8,6,6,0,0,0.0,10,0
25,La Liga,M,ESP,opponent,38,38,3420,38,48,1.26,159,110,73.6,17,11,10,10,26.3,8,6,1,1,14.3,12,0
26,La Liga,M,ESP,opponent,38,38,3420,38,37,0.97,140,100,77.9,15,16,7,14,36.8,9,6,3,0,33.3,19,0
27,La Liga,M,ESP,opponent,38,38,3420,38,39,1.03,142,101,77.5,18,9,11,15,39.5,10,7,3,0,30.0,101,0
28,La Liga,M,ESP,opponent,38,38,3418,38,27,0.71,124,99,81.5,23,10,5,18,47.4,4,4,0,0,0.0,29,0
29,La Liga,M,ESP,opponent,38,38,3420,38,43,1.13,127,85,70.9,12,12,14,14,36.8,7,6,0,1,0.0,34,0
30,La Liga,M,ESP,opponent,38,38,3420,38,52,1.37,123,73,61.8,14,8,16,10,26.3,5,5,0,0,0.0,100,0
31,La Liga,M,ESP,opponent,38,38,3416,38,30,0.79,148,116,81.8,18,12,8,16,42.1,4,3,1,0,25.0,98,0
32,La Liga,M,ESP,opponent,38,38,3420,38,47,1.24,138,93,69.6,17,7,14,11,28.9,5,5,0,0,0.0,99,0
33,La Liga,M,ESP,opponent,38,38,3420,38,40,1.05,127,87,74.8,23,6,9,18,47.4,10,8,1,1,11.1,54,0
34,La Liga,M,ESP,opponent,38,38,3412,38,46,1.21,150,104,74.7,12,13,13,12,31.6,8,8,0,0,0.0,67,0
35,La Liga,M,ESP,opponent,38,38,3420,38,70,1.84,233,164,74.7,3,9,26,6,15.8,11,11,0,0,0.0,71,0
36,La Liga,M,ESP,opponent,38,38,3420,38,56,1.47,144,89,63.9,14,8,16,7,18.4,5,4,1,0,20.0,72,0
37,La Liga,M,ESP,opponent,38,38,3418,38,54,1.42,171,118,72.5,6,13,19,4,10.5,7,7,0,0,0.0,80,0
38,La Liga,M,ESP,opponent,38,38,3420,38,46,1.21,118,71,65.3,13,11,14,9,23.7,8,5,2,1,28.6,91,0
39,La Liga,M,ESP,opponent,38,38,3418,38,32,0.84,121,88,76.0,14,15,9,15,39.5,6,3,2,1,40.0,92,0
40,La Liga,M,ESP,opponent,38,38,3420,38,63,1.66,171,108,69.0,14,6,18,3,7.9,11,10,1,0,9.1,93,0
1,,,,team,38,38,3420,38,57,1.5,142,85,62.0,9,11,18,9,23.7,3,3,0,0,0.0,102,1
1,,,,team,38,38,3420,38,57,1.5,142,85,62.0,9,11,18,9,23.7,3,3,0,0,0.0,102,-2
2,,,,team,38,38,3420,38,42,1.11,111,69,66.7,11,13,14,9,23.7,6,5,1,0,16.7,6,1
2,,,,team,38,38,3420,38,42,1.11,111,69,66.7,11,13,14,9,23.7,6,5,1,0,16.7,6,-2
3,,,,team,38,38,3420,38,25,0.66,122,98,80.3,26,8,4,18,47.4,4,1,2,1,66.7,7,1
3,,,,team,38,38,3420,38,25,0.66,122,98,80.3,26,8,4,18,47.4,4,1,2,1,66.7,7,-2
4,,,,team,38,38,3420,38,38,1.0,130,94,74.6,24,7,7,14,36.8,5,5,0,0,0.0,10,1
4,,,,team,38,38,3420,38,38,1.0,130,94,74.6,24,7,7,14,36.8,5,5,0,0,0.0,10,-2
5,,,,team,38,38,3420,38,50,1.32,136,87,69.1,17,10,11,13,34.2,10,8,2,0,20.0,12,1
5,,,,team,38,38,3420,38,50,1.32,136,87,69.1,17,10,11,13,34.2,10,8,2,0,20.0,12,-2
6,,,,team,38,38,3418,38,57,1.5,138,81,63.8,14,11,13,9,23.7,8,7,1,0,12.5,19,1
6,,,,team,38,38,3418,38,57,1.5,138,81,63.8,14,11,13,9,23.7,8,7,1,0,12.5,19,-2
7,,,,team,38,38,3420,38,58,1.53,150,91,67.3,11,11,16,10,26.3,10,9,1,0,10.0,24,1
7,,,,team,38,38,3420,38,58,1.53,150,91,67.3,11,11,16,10,26.3,10,9,1,0,10.0,24,-2
8,,,,team,38,38,3420,38,52,1.37,135,82,63.7,6,12,20,9,23.7,5,3,1,1,25.0,101,1
8,,,,team,38,38,3420,38,52,1.37,135,82,63.7,6,12,20,9,23.7,5,3,1,1,25.0,101,-2
9,,,,team,38,38,3420,38,55,1.45,163,106,69.9,8,12,18,7,18.4,10,6,3,1,33.3,27,1
9,,,,team,38,38,3420,38,55,1.45,163,106,69.9,8,12,18,7,18.4,10,6,3,1,33.3,27,-2
10,,,,team,38,38,3420,38,43,1.13,111,70,67.6,9,11,18,14,36.8,8,7,1,0,12.5,34,1
10,,,,team,38,38,3420,38,43,1.13,111,70,67.6,9,11,18,14,36.8,8,7,1,0,12.5,34,-2
11,,,,team,38,38,3420,38,65,1.71,170,101,65.3,13,7,18,9,23.7,12,6,5,1,45.5,100,1
11,,,,team,38,38,3420,38,65,1.71,170,101,65.3,13,7,18,9,23.7,12,6,5,1,45.5,100,-2
12,,,,team,38,38,3420,38,53,1.39,149,98,67.8,7,13,18,9,23.7,5,5,0,0,0.0,103,1
12,,,,team,38,38,3420,38,53,1.39,149,98,67.8,7,13,18,9,23.7,5,5,0,0,0.0,103,-2
13,,,,team,38,38,3420,38,57,1.5,163,108,66.9,9,14,15,4,10.5,4,3,0,1,0.0,99,1
13,,,,team,38,38,3420,38,57,1.5,163,108,66.9,9,14,15,4,10.5,4,3,0,1,0.0,99,-2
14,,,,team,38,38,3415,38,48,1.27,142,94,69.7,11,11,16,11,28.9,8,5,2,1,28.6,67,1
14,,,,team,38,38,3415,38,48,1.27,142,94,69.7,11,11,16,11,28.9,8,5,2,1,28.6,67,-2
15,,,,team,38,38,3420,38,28,0.74,116,88,81.9,25,9,4,17,44.7,8,7,1,0,12.5,71,1
15,,,,team,38,38,3420,38,28,0.74,116,88,81.9,25,9,4,17,44.7,8,7,1,0,12.5,71,-2
16,,,,team,38,38,3420,38,38,1.0,105,67,66.7,17,11,10,14,36.8,5,3,1,1,25.0,72,1
16,,,,team,38,38,3420,38,38,1.0,105,67,66.7,17,11,10,14,36.8,5,3,1,1,25.0,72,-2
17,,,,team,38,38,3420,38,33,0.87,120,87,75.8,24,5,9,17,44.7,6,4,2,0,33.3,80,1
17,,,,team,38,38,3420,38,33,0.87,120,87,75.8,24,5,9,17,44.7,6,4,2,0,33.3,80,-2
18,,,,team,38,38,3420,38,53,1.39,175,121,72.6,10,13,15,7,18.4,8,5,3,0,37.5,91,1
18,,,,team,38,38,3420,38,53,1.39,175,121,72.6,10,13,15,7,18.4,8,5,3,0,37.5,91,-2
19,,,,team,38,38,3420,38,57,1.5,161,104,68.3,5,16,17,3,7.9,7,6,0,1,0.0,92,1
19,,,,team,38,38,3420,38,57,1.5,161,104,68.3,5,16,17,3,7.9,7,6,0,1,0.0,92,-2
20,,,,team,38,38,3420,38,44,1.16,126,83,70.6,15,13,10,10,26.3,9,7,1,1,12.5,93,1
20,,,,team,38,38,3420,38,44,1.16,126,83,70.6,15,13,10,10,26.3,9,7,1,1,12.5,93,-2
21,,,,opponent,38,38,3415,38,36,0.95,102,65,69.6,18,11,9,13,34.2,8,5,2,1,28.6,102,1
21,,,,opponent,38,38,3415,38,36,0.95,102,65,69.6,18,11,9,13,34.2,8,5,2,1,28.6,102,-2
22,,,,opponent,38,38,3420,38,46,1.21,133,89,68.4,14,13,11,12,31.6,5,4,1,0,20.0,6,1
22,,,,opponent,38,38,3420,38,46,1.21,133,89,68.4,14,13,11,12,31.6,5,4,1,0,20.0,6,-2
23,,,,opponent,38,38,3420,38,67,1.76,184,118,66.3,4,8,26,7,18.4,7,5,1,1,16.7,7,1
23,,,,opponent,38,38,3420,38,67,1.76,184,118,66.3,4,8,26,7,18.4,7,5,1,1,16.7,7,-2
24,,,,opponent,38,38,3420,38,85,2.24,238,155,66.0,7,7,24,3,7.9,8,4,3,1,42.9,10,1
24,,,,opponent,38,38,3420,38,85,2.24,238,155,66.0,7,7,24,3,7.9,8,4,3,1,42.9,10,-2
25,,,,opponent,38,38,3420,38,50,1.32,156,103,73.1,11,10,17,9,23.7,11,8,3,0,27.3,12,1
25,,,,opponent,38,38,3420,38,50,1.32,156,103,73.1,11,10,17,9,23.7,11,8,3,0,27.3,12,-2
26,,,,opponent,38,38,3420,38,55,1.45,140,85,65.7,13,11,14,10,26.3,7,7,0,0,0.0,19,1
26,,,,opponent,38,38,3420,38,55,1.45,140,85,65.7,13,11,14,10,26.3,7,7,0,0,0.0,19,-2
27,,,,opponent,38,38,3420,38,36,0.95,101,68,68.3,16,11,11,13,34.2,4,4,0,0,0.0,24,1
27,,,,opponent,38,38,3420,38,36,0.95,101,68,68.3,16,11,11,13,34.2,4,4,0,0,0.0,24,-2
28,,,,opponent,38,38,3420,38,29,0.76,135,102,81.5,20,12,6,14,36.8,9,4,4,1,50.0,101,1
28,,,,opponent,38,38,3420,38,29,0.76,135,102,81.5,20,12,6,14,36.8,9,4,4,1,50.0,101,-2
29,,,,opponent,38,38,3420,38,34,0.89,88,55,63.6,18,12,8,13,34.2,3,2,0,1,0.0,27,1
29,,,,opponent,38,38,3420,38,34,0.89,88,55,63.6,18,12,8,13,34.2,3,2,0,1,0.0,27,-2
30,,,,opponent,38,38,3420,38,28,0.74,102,73,75.5,18,11,9,21,55.3,5,3,2,0,40.0,34,1
30,,,,opponent,38,38,3420,38,28,0.74,102,73,75.5,18,11,9,21,55.3,5,3,2,0,40.0,34,-2
31,,,,opponent,38,38,3420,38,47,1.24,125,77,64.8,18,7,13,8,21.1,5,3,1,1,25.0,100,1
31,,,,opponent,38,38,3420,38,47,1.24,125,77,64.8,18,7,13,8,21.1,5,3,1,1,25.0,100,-2
32,,,,opponent,38,38,3420,38,34,0.89,133,100,76.7,18,13,7,16,42.1,4,3,0,1,0.0,103,1
32,,,,opponent,38,38,3420,38,34,0.89,133,100,76.7,18,13,7,16,42.1,4,3,0,1,0.0,103,-2
33,,,,opponent,38,38,3420,38,46,1.21,131,83,67.2,15,14,9,11,28.9,6,3,3,0,50.0,99,1
33,,,,opponent,38,38,3420,38,46,1.21,131,83,67.2,15,14,9,11,28.9,6,3,3,0,50.0,99,-2
34,,,,opponent,38,38,3420,38,37,0.97,120,83,73.3,16,11,11,15,39.5,6,5,1,0,16.7,67,1
34,,,,opponent,38,38,3420,38,37,0.97,120,83,73.3,16,11,11,15,39.5,6,5,1,0,16.7,67,-2
35,,,,opponent,38,38,3420,38,67,1.76,170,106,62.4,4,9,25,5,13.2,3,3,0,0,0.0,71,1
35,,,,opponent,38,38,3420,38,67,1.76,170,106,62.4,4,9,25,5,13.2,3,3,0,0,0.0,71,-2
36,,,,opponent,38,38,3420,38,59,1.55,150,90,66.7,10,11,17,6,15.8,12,9,2,1,18.2,72,1
36,,,,opponent,38,38,3420,38,59,1.55,150,90,66.7,10,11,17,6,15.8,12,9,2,1,18.2,72,-2
37,,,,opponent,38,38,3420,38,53,1.39,142,89,66.9,9,5,24,7,18.4,7,6,1,0,14.3,80,1
37,,,,opponent,38,38,3420,38,53,1.39,142,89,66.9,9,5,24,7,18.4,7,6,1,0,14.3,80,-2
38,,,,opponent,38,38,3418,38,50,1.32,138,89,69.6,15,13,10,9,23.7,10,8,1,1,11.1,91,1
38,,,,opponent,38,38,3418,38,50,1.32,138,89,69.6,15,13,10,9,23.7,10,8,1,1,11.1,91,-2
39,,,,opponent,38,38,3420,38,34,0.89,118,83,77.1,17,16,5,14,36.8,8,7,1,0,12.5,92,1
39,,,,opponent,38,38,3420,38,34,0.89,118,83,77.1,17,16,5,14,36.8,8,7,1,0,12.5,92,-2
40,,,,opponent,38,38,3420,38,60,1.58,159,101,69.8,10,13,15,7,18.4,13,12,1,0,7.7,93,1
40,,,,opponent,38,38,3420,38,60,1.58,159,101,69.8,10,13,15,7,18.4,13,12,1,0,7.7,93,-2
1,,,,team,38,38,3420,38,65,1.71,168,100,64.9,8,7,23,6,15.8,9,6,3,0,33.3,102,2
2,,,,team,38,38,3420,38,36,0.95,131,96,74.8,14,13,11,13,34.2,3,3,0,0,0.0,6,2
3,,,,team,38,38,3420,38,43,1.13,106,65,66.0,21,8,9,12,31.6,8,7,1,0,12.5,7,2
4,,,,team,38,38,3420,38,38,1.0,123,84,70.7,21,10,7,11,28.9,3,2,1,0,33.3,10,2
5,,,,team,38,38,3420,38,40,1.05,132,94,72.0,19,8,11,13,34.2,3,3,0,0,0.0,12,2
6,,,,team,38,38,3420,38,43,1.13,136,91,71.3,12,10,16,14,36.8,8,4,4,0,50.0,19,2
7,,,,team,38,38,3420,38,51,1.34,170,117,76.5,8,15,15,13,34.2,13,11,2,0,15.4,24,2
8,,,,team,38,38,3420,38,52,1.37,174,121,74.1,11,9,18,8,21.1,9,7,1,1,12.5,27,2
9,,,,team,38,38,3420,38,53,1.39,169,118,71.0,10,12,16,10,26.3,5,4,0,1,0.0,29,2
10,,,,team,38,38,3420,38,41,1.08,132,91,70.5,8,15,15,14,36.8,4,2,1,1,33.3,34,2
11,,,,team,38,38,3420,38,61,1.61,193,132,72.0,8,14,16,8,21.1,9,7,2,0,22.2,100,2
12,,,,team,38,38,3420,38,76,2.0,203,126,65.0,8,11,19,7,18.4,6,5,1,0,16.7,99,2
13,,,,team,38,38,3420,38,63,1.66,152,91,62.5,10,9,19,9,23.7,8,6,2,0,25.0,54,2
14,,,,team,38,38,3420,38,51,1.34,151,99,68.9,12,11,15,12,31.6,7,4,3,0,42.9,67,2
15,,,,team,38,38,3417,38,50,1.32,163,112,73.6,11,9,18,9,23.7,9,7,2,0,22.2,70,2
16,,,,team,38,38,3420,38,31,0.82,129,97,78.3,26,8,4,16,42.1,5,3,2,0,40.0,71,2
17,,,,team,38,38,3420,38,37,0.97,127,89,74.8,17,11,10,20,52.6,6,5,1,0,16.7,72,2
18,,,,team,38,38,3420,38,30,0.79,121,90,76.9,18,16,4,17,44.7,4,2,1,1,33.3,80,2
19,,,,team,38,38,3420,38,53,1.39,163,112,71.8,11,15,12,12,31.6,8,7,1,0,12.5,91,2
20,,,,team,38,38,3420,38,37,0.97,128,91,74.2,16,11,11,14,36.8,5,4,1,0,20.0,93,2
21,,,,opponent,38,38,3420,38,31,0.82,118,88,78.8,23,7,8,16,42.1,7,6,1,0,14.3,102,2
22,,,,opponent,38,38,3420,38,43,1.13,157,113,74.5,11,13,14,14,36.8,7,3,4,0,57.1,6,2
23,,,,opponent,38,38,3420,38,65,1.71,157,93,61.1,9,8,21,7,18.4,5,4,1,0,20.0,7,2
24,,,,opponent,38,38,3420,38,68,1.79,184,115,66.3,7,10,21,8,21.1,7,6,1,0,14.3,10,2
25,,,,opponent,38,38,3420,38,62,1.63,188,128,70.2,11,8,19,11,28.9,6,6,0,0,0.0,12,2
26,,,,opponent,38,38,3420,38,43,1.13,141,96,71.6,16,10,12,15,39.5,6,3,3,0,50.0,19,2
27,,,,opponent,38,38,3420,38,35,0.92,124,86,74.2,15,15,8,13,34.2,6,3,3,0,50.0,24,2
28,,,,opponent,38,38,3420,38,40,1.05,107,68,63.6,18,9,11,12,31.6,1,1,0,0,0.0,27,2
29,,,,opponent,38,38,3420,38,40,1.05,133,94,73.7,16,12,10,10,26.3,5,5,0,0,0.0,29,2
30,,,,opponent,38,38,3420,38,33,0.87,116,83,74.1,15,15,8,18,47.4,5,3,2,0,40.0,34,2
31,,,,opponent,38,38,3420,38,44,1.16,134,91,69.4,16,14,8,13,34.2,5,3,0,2,0.0,100,2
32,,,,opponent,38,38,3420,38,51,1.34,158,103,72.8,19,11,8,12,31.6,13,8,4,1,33.3,99,2
33,,,,opponent,38,38,3420,38,36,0.95,138,104,78.3,19,9,10,15,39.5,7,6,1,0,14.3,54,2
34,,,,opponent,38,38,3420,38,37,0.97,122,83,74.6,15,11,12,15,39.5,8,6,2,0,25.0,67,2
35,,,,opponent,38,38,3420,38,39,1.03,137,99,74.5,18,9,11,14,36.8,4,4,0,0,0.0,70,2
36,,,,opponent,38,38,3420,38,80,2.11,254,171,71.7,4,8,26,8,21.1,12,8,3,1,27.3,71,2
37,,,,opponent,38,38,3420,38,40,1.05,153,112,79.7,10,11,17,11,28.9,10,9,1,0,10.0,72,2
38,,,,opponent,38,38,3417,38,53,1.4,142,90,64.1,4,16,18,7,18.4,3,2,1,0,33.3,80,2
39,,,,opponent,38,38,3420,38,48,1.26,138,92,71.0,12,15,11,8,21.1,9,8,1,0,11.1,91,2
40,,,,opponent,38,38,3420,38,63,1.66,170,107,65.9,11,11,16,11,28.9,6,5,1,0,16.7,93,2
1,,,,team,38,38,3420,38,65,1.71,203,138,70.0,11,8,19,4,10.5,6,4,1,1,20.0,1,3
2,,,,team,38,38,3420,38,43,1.13,123,83,67.5,14,9,15,11,28.9,3,3,0,0,0.0,6,3
3,,,,team,38,38,3420,38,33,0.87,128,95,77.3,23,8,7,13,34.2,5,4,0,1,0.0,7,3
4,,,,team,38,38,3420,38,20,0.53,102,85,83.3,28,4,6,26,68.4,3,3,0,0,0.0,10,3
5,,,,team,38,38,3420,38,41,1.08,146,106,74.0,17,9,12,13,34.2,3,3,0,0,0.0,12,3
6,,,,team,38,38,3420,38,53,1.39,134,80,64.2,11,10,17,10,26.3,8,5,2,1,28.6,19,3
7,,,,team,38,38,3420,38,53,1.39,202,148,78.2,10,12,16,13,34.2,10,9,1,0,10.0,24,3
8,,,,team,38,38,3420,38,67,1.76,208,140,71.2,5,10,23,4,10.5,10,7,3,0,30.0,27,3
9,,,,team,38,38,3419,38,69,1.82,183,115,65.0,8,13,17,6,15.8,6,5,1,0,16.7,29,3
10,,,,team,38,38,3420,38,45,1.18,166,119,75.3,10,12,16,13,34.2,8,4,4,0,50.0,34,3
11,,,,team,38,38,3420,38,55,1.45,168,112,70.8,13,10,15,4,10.5,8,6,1,1,14.3,35,3
12,,,,team,38,38,3420,38,43,1.13,145,101,74.5,14,8,16,13,34.2,7,6,1,0,14.3,54,3
13,,,,team,38,38,3420,38,42,1.11,148,107,72.3,15,8,15,11,28.9,4,1,1,2,50.0,67,3
14,,,,team,38,38,3420,38,53,1.39,144,95,66.0,13,10,15,9,23.7,5,4,0,1,0.0,70,3
15,,,,team,38,38,3420,38,36,0.95,136,100,76.5,24,6,8,13,34.2,5,4,1,0,20.0,71,3
16,,,,team,38,38,3420,38,35,0.92,133,99,74.4,21,8,9,15,39.5,2,1,1,0,50.0,72,3
17,,,,team,38,38,3420,38,54,1.42,161,109,67.7,13,10,15,9,23.7,3,2,1,0,33.3,80,3
18,,,,team,38,38,3420,38,45,1.18,148,105,70.9,11,9,18,7,18.4,5,2,0,3,0.0,91,3
19,,,,team,38,38,3420,38,63,1.66,199,134,71.4,11,7,20,9,23.7,10,6,3,1,33.3,92,3
20,,,,team,38,38,3420,38,40,1.05,149,110,75.8,19,7,12,12,31.6,4,4,0,0,0.0,93,3
21,,,,opponent,38,38,3420,38,49,1.29,157,108,70.1,19,8,11,10,26.3,3,2,0,1,0.0,1,3
22,,,,opponent,38,38,3420,38,47,1.24,164,116,74.4,15,9,14,16,42.1,7,5,2,0,28.6,6,3
23,,,,opponent,38,38,3420,38,70,1.84,196,128,64.8,7,8,23,5,13.2,1,1,0,0,0.0,7,3
24,,,,opponent,38,38,3420,38,70,1.84,187,118,62.6,6,4,28,4,10.5,2,0,0,2,,10,3
25,,,,opponent,38,38,3420,38,46,1.21,147,103,74.1,12,9,17,13,34.2,9,8,1,0,11.1,12,3
26,,,,opponent,38,38,3420,38,43,1.13,163,121,74.8,17,10,11,10,26.3,3,2,1,0,33.3,19,3
27,,,,opponent,38,38,3420,38,30,0.79,112,83,76.8,16,12,10,17,44.7,5,4,0,1,0.0,24,3
28,,,,opponent,38,38,3420,38,30,0.79,129,98,79.8,23,10,5,16,42.1,5,4,1,0,20.0,27,3
29,,,,opponent,38,38,3420,38,52,1.37,156,105,69.9,17,13,8,4,10.5,5,5,0,0,0.0,29,3
30,,,,opponent,38,38,3420,38,34,0.89,123,87,76.4,16,12,10,14,36.8,8,5,2,1,28.6,34,3
31,,,,opponent,38,38,3420,38,58,1.53,169,113,70.4,15,10,13,8,21.1,9,8,1,0,11.1,35,3
32,,,,opponent,38,38,3420,38,37,0.97,112,75,70.5,16,8,14,13,34.2,5,4,1,0,20.0,54,3
33,,,,opponent,38,38,3420,38,37,0.97,137,101,75.9,15,8,15,15,39.5,5,4,0,1,0.0,67,3
34,,,,opponent,38,38,3420,38,45,1.18,153,109,73.2,15,10,13,10,26.3,8,4,3,1,42.9,70,3
35,,,,opponent,38,38,3419,38,75,1.97,217,142,69.6,8,6,24,5,13.2,12,9,2,1,18.2,71,3
36,,,,opponent,38,38,3420,38,51,1.34,177,128,72.3,9,8,21,9,23.7,4,2,2,0,50.0,72,3
37,,,,opponent,38,38,3420,38,47,1.24,145,98,70.3,15,10,13,7,18.4,5,4,0,1,0.0,80,3
38,,,,opponent,38,38,3420,38,42,1.11,147,105,74.8,18,9,11,12,31.6,8,5,2,1,28.6,91,3
39,,,,opponent,38,38,3420,38,33,0.87,141,108,78.7,20,7,11,18,47.4,4,3,1,0,25.0,92,3
40,,,,opponent,38,38,3420,38,59,1.55,194,135,71.6,12,7,19,9,23.7,7,4,2,1,33.3,93,3
1,,,,team,38,38,3420,38,46,1.21,147,103,74.1,12,10,16,11,28.9,8,8,0,0,0.0,102,4
2,,,,team,38,38,3420,38,75,1.97,202,126,65.8,3,12,23,6,15.8,9,6,1,2,14.3,1,4
3,,,,team,38,38,3420,38,37,0.97,134,98,73.1,19,11,8,18,47.4,5,1,3,1,75.0,6,4
4,,,,team,38,38,3420,38,43,1.13,144,101,70.8,24,4,10,13,34.2,2,1,0,1,0.0,7,4
5,,,,team,38,38,3420,38,44,1.16,141,97,70.2,26,7,5,17,44.7,2,2,0,0,0.0,10,4
6,,,,team,38,38,3420,38,45,1.18,158,115,75.9,14,15,9,13,34.2,8,7,1,0,12.5,12,4
7,,,,team,38,38,3417,38,57,1.5,164,109,68.9,10,11,17,6,15.8,8,6,1,1,14.3,19,4
8,,,,team,38,38,3420,38,55,1.45,175,121,69.7,6,15,17,10,26.3,2,2,0,0,0.0,24,4
9,,,,team,38,38,3420,38,54,1.42,173,118,71.7,10,13,15,10,26.3,7,5,1,1,16.7,34,4
10,,,,team,38,38,3420,38,46,1.21,168,121,75.6,25,6,7,12,31.6,7,5,1,1,16.7,35,4
11,,,,team,38,38,3420,38,79,2.08,203,126,63.5,4,9,25,3,7.9,6,5,0,1,0.0,100,4
12,,,,team,38,38,3416,38,47,1.24,156,109,73.1,10,10,18,8,21.1,9,5,3,1,37.5,104,4
13,,,,team,38,38,3420,38,44,1.16,148,104,73.0,8,16,14,10,26.3,5,4,1,0,20.0,54,4
14,,,,team,38,38,3420,38,56,1.47,152,95,63.8,12,9,17,10,26.3,2,1,1,0,50.0,67,4
15,,,,team,38,38,3420,38,48,1.26,151,104,68.9,8,14,16,13,34.2,2,1,1,0,50.0,70,4
16,,,,team,38,38,3420,38,26,0.68,118,93,78.8,29,8,1,21,55.3,1,1,0,0,0.0,71,4
17,,,,team,38,38,3417,38,39,1.03,135,96,75.6,16,12,10,15,39.5,7,6,1,0,14.3,72,4
18,,,,team,38,38,3420,38,54,1.42,175,123,72.0,10,11,17,8,21.1,5,5,0,0,0.0,80,4
19,,,,team,38,38,3420,38,45,1.18,160,114,73.8,13,10,15,13,34.2,6,3,3,0,50.0,91,4
20,,,,team,38,38,3420,38,65,1.71,214,150,72.4,14,11,13,6,15.8,6,6,0,0,0.0,93,4
21,,,,opponent,38,38,3417,38,36,0.95,142,106,76.8,16,10,12,15,39.5,7,3,3,1,50.0,102,4
22,,,,opponent,38,38,3420,38,43,1.13,165,123,75.2,23,12,3,12,31.6,2,2,0,0,0.0,1,4
23,,,,opponent,38,38,3420,38,61,1.61,167,107,65.3,8,11,19,9,23.7,5,3,1,1,25.0,6,4
24,,,,opponent,38,38,3417,38,70,1.84,203,134,68.0,10,4,24,8,21.1,6,5,1,0,16.7,7,4
25,,,,opponent,38,38,3416,38,79,2.08,226,149,67.7,5,7,26,2,5.3,7,6,1,0,14.3,10,4
26,,,,opponent,38,38,3420,38,48,1.26,153,106,69.9,9,15,14,8,21.1,3,2,1,0,33.3,12,4
27,,,,opponent,38,38,3420,38,46,1.21,156,109,72.4,17,11,10,13,34.2,5,3,2,0,40.0,19,4
28,,,,opponent,38,38,3420,38,26,0.68,123,98,81.3,17,15,6,18,47.4,3,3,0,0,0.0,24,4
29,,,,opponent,38,38,3420,38,42,1.11,157,114,77.1,15,13,10,15,39.5,7,6,1,0,14.3,34,4
30,,,,opponent,38,38,3420,38,85,2.24,186,101,58.1,7,6,25,7,18.4,8,7,1,0,12.5,35,4
31,,,,opponent,38,38,3420,38,38,1.0,129,93,74.4,25,9,4,16,42.1,8,5,1,2,16.7,100,4
32,,,,opponent,38,38,3420,38,33,0.87,125,90,76.0,18,10,10,17,44.7,5,3,2,0,40.0,104,4
33,,,,opponent,38,38,3420,38,33,0.87,132,99,75.8,14,16,8,15,39.5,3,1,0,2,0.0,54,4
34,,,,opponent,38,38,3420,38,45,1.18,129,83,68.2,17,9,12,10,26.3,5,4,1,0,20.0,67,4
35,,,,opponent,38,38,3420,38,29,0.76,166,137,86.1,16,14,8,19,50.0,6,6,0,0,0.0,70,4
36,,,,opponent,38,38,3420,38,87,2.29,246,159,65.4,1,8,29,2,5.3,5,2,2,1,50.0,71,4
37,,,,opponent,38,38,3420,38,51,1.34,151,103,68.9,10,12,16,10,26.3,4,4,0,0,0.0,72,4
38,,,,opponent,38,38,3420,38,48,1.26,162,116,71.6,17,11,10,10,26.3,2,2,0,0,0.0,80,4
39,,,,opponent,38,38,3420,38,40,1.05,131,92,75.6,15,10,13,13,34.2,9,8,0,1,0.0,91,4
40,,,,opponent,38,38,3420,38,65,1.71,169,104,64.5,13,11,14,4,10.5,7,5,1,1,16.7,93,4
