id,Team_or_Opponent,Poss,Touches_Touches,Def Pen_Touches,Def 3rd_Touches,Mid 3rd_Touches,Att 3rd_Touches,Att Pen_Touches,Live_Touches,Att_Take_Ons,Succ_Take_Ons,Succ_percent_Take_Ons,Tkld_Take_Ons,Tkld_percent_Take_Ons,Carries_Carries,TotDist_Carries,PrgDist_Carries,PrgC_Carries,Final_Third_Carries,CPA_Carries,Mis_Carries,Dis_Carries,Rec_Receiving,PrgR_Receiving,team_id,season_id
1,team,41.5,17865,2032,6060,8359,3622,508,17859,497,251,50.5,246,49.5,9373,44654,20855,403,307,100,535,309,9525,936,102,0
2,team,48.7,20857,2064,6212,9835,5031,594,20847,587,337,57.4,250,42.6,10354,58313,30842,604,493,110,576,299,12422,1273,6,0
3,team,48.6,21860,1918,6182,10585,5274,807,21852,543,348,64.1,195,35.9,11872,58628,30072,598,516,156,586,377,13506,1323,7,0
4,team,66.4,31713,2419,7683,15606,8628,1066,31707,793,524,66.1,269,33.9,20416,102227,57254,923,864,243,444,354,24606,2036,10,0
5,team,56.7,23715,2485,7853,10431,5665,845,23707,713,445,62.4,268,37.6,14024,78775,41021,834,634,200,548,355,16065,1463,12,0
6,team,51.7,22576,2291,7505,10374,4906,585,22567,610,370,60.7,240,39.3,12921,68433,33492,670,521,133,541,375,14460,1358,19,0
7,team,46.3,19501,1777,5164,9086,5479,633,19491,458,260,56.8,198,43.2,9587,48746,21965,424,409,110,564,355,10333,1246,101,0
8,team,47.4,20282,2092,6860,9234,4417,604,20278,489,281,57.5,208,42.5,10645,59325,29721,561,405,103,576,331,11782,1222,29,0
9,team,45.0,17737,1484,4842,7903,5206,650,17730,476,274,57.6,202,42.4,7551,40426,18906,416,330,82,635,318,8211,1179,34,0
10,team,43.8,18071,2226,6282,7633,4377,585,18066,553,300,54.2,253,45.8,9792,52441,25249,511,381,111,486,290,9720,994,100,0
11,team,43.9,18841,1764,5798,8465,4791,636,18836,581,342,58.9,239,41.1,9273,49830,24609,498,412,122,544,291,10246,1145,98,0
12,team,48.3,20210,2479,7642,8291,4454,632,20205,637,386,60.6,251,39.4,10797,61650,32153,711,417,157,537,302,12313,1350,99,0
13,team,45.0,19626,2340,6588,8406,4870,686,19616,709,392,55.3,317,44.7,11405,65851,34539,740,527,201,625,353,11691,1201,54,0
14,team,47.4,20122,2002,6073,9400,4869,661,20114,525,315,60.0,210,40.0,9935,51175,25607,562,428,124,611,306,10840,1346,67,0
15,team,58.8,27693,2234,7711,12551,7671,1038,27682,769,484,62.9,285,37.1,17146,92265,47544,951,727,302,518,315,19981,1951,71,0
16,team,56.2,24037,2340,7553,11352,5327,778,24032,591,355,60.1,234,39.6,14006,75872,40635,737,523,149,552,357,15827,1573,72,0
17,team,57.9,25650,2229,7794,11678,6387,920,25643,667,413,61.9,254,38.1,14440,74929,39085,803,571,211,541,352,17430,1804,80,0
18,team,49.0,21847,2592,7697,9694,4654,638,21839,549,345,62.8,203,37.0,12893,70910,36309,671,491,114,521,283,14386,1367,91,0
19,team,44.7,19410,2162,6607,9057,3980,480,19404,569,338,59.4,231,40.6,9985,55513,27378,510,403,110,537,324,11102,1096,92,0
20,team,52.9,24137,2532,7874,11259,5231,772,24126,690,431,62.5,259,37.5,13188,71102,37620,694,518,209,601,310,16111,1472,93,0
21,opponent,58.5,23863,1842,6718,11873,5477,739,23848,619,364,58.8,255,41.2,13268,69567,35364,656,492,146,600,324,15540,1535,102,0
22,opponent,51.3,21884,2203,7001,9816,5267,651,21877,614,396,64.5,217,35.3,12428,65062,33686,615,488,106,549,316,13538,1382,6,0
23,opponent,51.4,23174,2256,6949,11021,5427,606,23170,640,357,55.8,283,44.2,13247,68033,33924,619,569,105,545,375,14793,1508,7,0
24,opponent,33.6,18087,2241,6429,7656,4201,619,18080,501,290,57.9,211,42.1,9797,54159,27390,576,416,170,470,325,10825,996,10,0
25,opponent,43.3,19236,2164,6191,8320,4907,793,19225,511,290,56.8,221,43.2,10260,56375,28957,613,438,180,466,280,11524,1250,12,0
26,opponent,48.4,21488,1911,5845,9854,6026,745,21483,615,364,59.2,251,40.8,11897,65184,33444,679,537,148,511,338,13334,1423,19,0
27,opponent,53.7,22447,2798,9373,8818,4454,662,22441,607,343,56.5,264,43.5,11837,59571,29608,561,412,148,608,303,13149,1168,101,0
28,opponent,52.6,22320,2161,6637,10437,5498,696,22313,701,444,63.3,257,36.7,12408,68221,36096,688,552,151,536,371,13875,1444,29,0
29,opponent,55.0,21102,2227,7906,9625,3758,464,21096,574,338,58.9,235,40.9,10240,51878,23683,376,315,89,686,345,11648,1073,34,0
30,opponent,56.2,22510,1937,6931,10446,5317,703,22505,570,332,58.2,238,41.8,12484,66692,34354,672,492,180,575,346,14259,1386,100,0
31,opponent,56.1,23472,2199,7106,11477,5069,588,23465,610,356,58.4,254,41.6,12902,69099,36248,632,562,114,588,349,14940,1407,98,0
32,opponent,51.7,21696,2115,6333,9561,6022,959,21689,532,328,61.7,204,38.3,12480,66807,34969,741,557,219,549,303,13726,1485,99,0
33,opponent,55.0,23484,2066,6696,10996,6017,930,23468,602,375,62.3,227,37.7,13556,74203,39242,774,565,203,545,318,15485,1663,54,0
34,opponent,52.6,22151,2230,7171,10223,4984,686,22146,617,350,56.7,267,43.3,11357,59766,30434,581,427,143,620,346,12918,1293,67,0
35,opponent,41.2,20543,2583,7110,9207,4451,530,20541,595,369,62.0,226,38.0,11264,60819,30522,604,473,131,498,360,12905,1199,71,0
36,opponent,43.8,19876,2210,6594,8777,4746,694,19867,573,321,56.0,252,44.0,10620,55968,26544,546,441,158,539,299,11562,1117,72,0
37,opponent,42.1,19982,2400,6615,8833,4755,552,19978,661,400,60.5,261,39.5,10431,55937,28346,552,452,124,573,326,11679,1123,80,0
38,opponent,51.0,23063,1945,6033,10538,6712,902,23054,590,357,60.5,232,39.3,13600,74649,39888,863,648,204,460,268,15626,1681,91,0
39,opponent,55.3,23568,1868,5973,11723,6085,787,23560,672,433,64.4,239,35.6,13197,74264,39327,797,568,158,652,329,15342,1750,92,0
40,opponent,47.1,21804,2106,6369,9998,5666,812,21795,602,384,63.8,218,36.2,12330,64811,32830,676,473,170,508,335,13889,1452,93,0
1,team,42.8,18193,2104,6503,8084,3788,575,18185,467,254,54.4,214,45.8,8988,44447,20940,404,315,104,557,256,10112,925,102,1
1,team,42.8,18193,2104,6503,8084,3788,575,18185,467,254,54.4,214,45.8,8988,44447,20940,404,315,104,557,256,10112,925,102,-2
2,team,49.9,21410,1921,5863,10255,5481,675,21405,501,304,60.7,197,39.3,11152,64941,35151,685,510,147,496,335,13475,1477,6,1
2,team,49.9,21410,1921,5863,10255,5481,675,21405,501,304,60.7,197,39.3,11152,64941,35151,685,510,147,496,335,13475,1477,6,-2
3,team,52.3,24561,1967,6777,12025,5937,894,24555,588,374,63.6,214,36.4,13675,67513,36112,694,483,190,503,342,16649,1598,7,1
3,team,52.3,24561,1967,6777,12025,5937,894,24555,588,374,63.6,214,36.4,13675,67513,36112,694,483,190,503,342,16649,1598,7,-2
4,team,65.5,31975,2240,7299,14908,9965,1217,31967,770,513,66.6,257,33.4,21041,104783,56158,972,930,276,477,341,25052,2144,10,1
4,team,65.5,31975,2240,7299,14908,9965,1217,31967,770,513,66.6,257,33.4,21041,104783,56158,972,930,276,477,341,25052,2144,10,-2
5,team,53.6,23649,2104,6950,11175,5734,790,23638,638,420,65.8,218,34.2,13277,66819,34529,694,547,172,592,367,15683,1427,12,1
5,team,53.6,23649,2104,6950,11175,5734,790,23638,638,420,65.8,218,34.2,13277,66819,34529,694,547,172,592,367,15683,1427,12,-2
6,team,53.3,23271,2443,7999,10717,4742,593,23264,465,276,59.4,189,40.6,13162,62213,31151,514,431,109,533,279,15059,1299,19,1
6,team,53.3,23271,2443,7999,10717,4742,593,23264,465,276,59.4,189,40.6,13162,62213,31151,514,431,109,533,279,15059,1299,19,-2
7,team,34.8,15979,2120,5874,6716,3599,438,15975,513,321,62.6,192,37.4,7256,41528,20734,455,358,79,561,294,7858,838,24,1
7,team,34.8,15979,2120,5874,6716,3599,438,15975,513,321,62.6,192,37.4,7256,41528,20734,455,358,79,561,294,7858,838,24,-2
8,team,49.3,20828,1764,5553,9562,5924,671,20818,519,320,61.7,199,38.3,10427,53688,24394,507,374,102,657,320,11685,1282,101,1
8,team,49.3,20828,1764,5553,9562,5924,671,20818,519,320,61.7,199,38.3,10427,53688,24394,507,374,102,657,320,11685,1282,101,-2
9,team,47.5,20849,2572,8347,9141,3558,417,20846,618,365,59.1,253,40.9,11786,58689,28516,500,366,73,614,345,13378,920,27,1
9,team,47.5,20849,2572,8347,9141,3558,417,20846,618,365,59.1,253,40.9,11786,58689,28516,500,366,73,614,345,13378,920,27,-2
10,team,43.3,17678,1589,4689,7849,5367,669,17673,483,263,54.5,220,45.5,8137,43690,21035,443,390,116,607,354,8882,1076,34,1
10,team,43.3,17678,1589,4689,7849,5367,669,17673,483,263,54.5,220,45.5,8137,43690,21035,443,390,116,607,354,8882,1076,34,-2
11,team,41.4,17155,2133,6002,7387,3948,532,17149,516,312,60.5,204,39.5,8122,43889,21461,411,288,105,526,346,8979,961,100,1
11,team,41.4,17155,2133,6002,7387,3948,532,17149,516,312,60.5,204,39.5,8122,43889,21461,411,288,105,526,346,8979,961,100,-2
12,team,48.3,21269,2396,7957,9101,4468,594,21265,654,426,65.1,228,34.9,11728,65206,34026,618,452,113,540,305,13392,1173,103,1
12,team,48.3,21269,2396,7957,9101,4468,594,21265,654,426,65.1,228,34.9,11728,65206,34026,618,452,113,540,305,13392,1173,103,-2
13,team,52.2,21884,2410,7654,9503,4932,679,21878,615,366,59.5,248,40.3,12443,63705,33401,619,446,136,547,326,14070,1526,99,1
13,team,52.2,21884,2410,7654,9503,4932,679,21878,615,366,59.5,248,40.3,12443,63705,33401,619,446,136,547,326,14070,1526,99,-2
14,team,43.2,18965,2103,6010,8686,4447,623,18959,441,245,55.6,195,44.2,8688,42982,19734,345,315,64,588,310,10118,1200,67,1
14,team,43.2,18965,2103,6010,8686,4447,623,18959,441,245,55.6,195,44.2,8688,42982,19734,345,315,64,588,310,10118,1200,67,-2
15,team,59.3,27856,2279,7913,12359,7814,1021,27853,646,429,66.4,216,33.4,17126,95094,49939,963,739,242,546,315,20538,1909,71,1
15,team,59.3,27856,2279,7913,12359,7814,1021,27853,646,429,66.4,216,33.4,17126,95094,49939,963,739,242,546,315,20538,1909,71,-2
16,team,54.9,22622,2089,6527,10724,5580,823,22610,550,330,60.0,220,40.0,12816,70621,37154,626,492,125,518,311,14729,1530,72,1
16,team,54.9,22622,2089,6527,10724,5580,823,22610,550,330,60.0,220,40.0,12816,70621,37154,626,492,125,518,311,14729,1530,72,-2
17,team,60.9,26484,2495,8190,12249,6227,784,26477,599,392,65.4,207,34.6,15793,78270,38924,691,552,151,516,309,19128,1606,80,1
17,team,60.9,26484,2495,8190,12249,6227,784,26477,599,392,65.4,207,34.6,15793,78270,38924,691,552,151,516,309,19128,1606,80,-2
18,team,46.9,20238,2575,7196,8735,4521,560,20228,553,341,61.7,212,38.3,11494,62746,32765,575,468,102,498,268,12659,1168,91,1
18,team,46.9,20238,2575,7196,8735,4521,560,20228,553,341,61.7,212,38.3,11494,62746,32765,575,468,102,498,268,12659,1168,91,-2
19,team,45.2,19403,2227,6559,8418,4627,558,19395,504,291,57.7,214,42.5,9720,52059,25666,564,423,112,524,328,11055,1089,92,1
19,team,45.2,19403,2227,6559,8418,4627,558,19395,504,291,57.7,214,42.5,9720,52059,25666,564,423,112,524,328,11055,1089,92,-2
20,team,55.2,24816,2442,7838,11470,5730,819,24803,692,437,63.2,255,36.8,14443,77491,41859,737,558,185,545,336,17313,1608,93,1
20,team,55.2,24816,2442,7838,11470,5730,819,24803,692,437,63.2,255,36.8,14443,77491,41859,737,558,185,545,336,17313,1608,93,-2
21,opponent,57.3,23128,2076,6657,10894,5760,716,23124,565,368,65.1,197,34.9,12578,68210,35719,631,486,139,564,302,15191,1459,102,1
21,opponent,57.3,23128,2076,6657,10894,5760,716,23124,565,368,65.1,197,34.9,12578,68210,35719,631,486,139,564,302,15191,1459,102,-2
22,opponent,50.2,22248,2418,7572,9638,5254,664,22242,516,348,67.4,168,32.6,12496,63157,31372,590,465,121,558,294,14170,1366,6,1
22,opponent,50.2,22248,2418,7572,9638,5254,664,22242,516,348,67.4,168,32.6,12496,63157,31372,590,465,121,558,294,14170,1366,6,-2
23,opponent,47.6,22889,2326,6949,10656,5476,577,22885,631,335,53.1,296,46.9,12371,66054,32881,557,531,89,516,326,15032,1371,7,1
23,opponent,47.6,22889,2326,6949,10656,5476,577,22885,631,335,53.1,296,46.9,12371,66054,32881,557,531,89,516,326,15032,1371,7,-2
24,opponent,45.0,18886,2541,6990,8060,4069,606,18881,522,298,57.1,224,42.9,10362,57617,29498,529,402,127,534,275,11631,1027,10,1
24,opponent,45.0,18886,2541,6990,8060,4069,606,18881,522,298,57.1,224,42.9,10362,57617,29498,529,402,127,534,275,11631,1027,10,-2
25,opponent,46.1,20973,2317,7012,9391,4771,658,20963,556,345,62.1,210,37.8,11170,59835,30784,549,399,127,504,345,13078,1297,12,1
25,opponent,46.1,20973,2317,7012,9391,4771,658,20963,556,345,62.1,210,37.8,11170,59835,30784,549,399,127,504,345,13078,1297,12,-2
26,opponent,46.3,20852,1927,6118,9488,5452,714,20844,694,456,65.7,238,34.3,10958,56838,27075,578,431,139,637,424,12701,1231,19,1
26,opponent,46.3,20852,1927,6118,9488,5452,714,20844,694,456,65.7,238,34.3,10958,56838,27075,578,431,139,637,424,12701,1231,19,-2
27,opponent,65.7,26776,1848,6814,13117,7047,835,26766,607,360,59.3,247,40.7,15852,87217,48543,819,700,146,569,326,18860,1876,24,1
27,opponent,65.7,26776,1848,6814,13117,7047,835,26766,607,360,59.3,247,40.7,15852,87217,48543,819,700,146,569,326,18860,1876,24,-2
28,opponent,50.4,21668,2897,9306,8407,4147,603,21663,519,315,60.7,203,39.1,10496,51917,24895,446,317,125,544,311,12448,1036,101,1
28,opponent,50.4,21668,2897,9306,8407,4147,603,21663,519,315,60.7,203,39.1,10496,51917,24895,446,317,125,544,311,12448,1036,101,-2
29,opponent,52.4,22916,1668,5637,11435,6060,824,22906,577,367,63.6,210,36.4,14103,73909,40143,702,575,158,526,341,15540,1629,27,1
29,opponent,52.4,22916,1668,5637,11435,6060,824,22906,577,367,63.6,210,36.4,14103,73909,40143,702,575,158,526,341,15540,1629,27,-2
30,opponent,57.2,22842,2309,8032,10578,4424,496,22834,619,378,61.1,241,38.9,11476,56925,27910,454,333,87,600,338,13875,1180,34,1
30,opponent,57.2,22842,2309,8032,10578,4424,496,22834,619,378,61.1,241,38.9,11476,56925,27910,454,333,87,600,338,13875,1180,34,-2
31,opponent,59.0,23132,1938,6784,10742,5793,792,23121,468,283,60.5,186,39.7,12755,66716,33978,636,503,146,590,314,14910,1431,100,1
31,opponent,59.0,23132,1938,6784,10742,5793,792,23121,468,283,60.5,186,39.7,12755,66716,33978,636,503,146,590,314,14910,1431,100,-2
32,opponent,51.7,23060,2168,6650,10742,5873,741,23055,579,340,58.7,239,41.3,13410,66433,33323,657,476,141,563,317,15250,1433,103,1
32,opponent,51.7,23060,2168,6650,10742,5873,741,23055,579,340,58.7,239,41.3,13410,66433,33323,657,476,141,563,317,15250,1433,103,-2
33,opponent,47.6,20779,2106,6442,9287,5281,800,20775,543,335,61.7,209,38.5,11547,61632,32041,625,486,175,506,303,12939,1283,99,1
33,opponent,47.6,20779,2106,6442,9287,5281,800,20775,543,335,61.7,209,38.5,11547,61632,32041,625,486,175,506,303,12939,1283,99,-2
34,opponent,56.9,24102,2239,7544,11030,5720,776,24093,553,328,59.3,224,40.5,12972,68706,36474,678,529,178,594,300,15223,1510,67,1
34,opponent,56.9,24102,2239,7544,11030,5720,776,24093,553,328,59.3,224,40.5,12972,68706,36474,678,529,178,594,300,15223,1510,67,-2
35,opponent,40.3,20377,2548,6876,8894,4799,573,20369,532,340,63.9,192,36.1,11436,58738,30111,545,467,117,499,339,13087,1148,71,1
35,opponent,40.3,20377,2548,6876,8894,4799,573,20369,532,340,63.9,192,36.1,11436,58738,30111,545,467,117,499,339,13087,1148,71,-2
36,opponent,44.9,19586,2348,6984,8569,4222,579,19581,480,280,58.3,200,41.7,10251,51042,23267,436,319,115,525,347,11768,1002,72,1
36,opponent,44.9,19586,2348,6984,8569,4222,579,19581,480,280,58.3,200,41.7,10251,51042,23267,436,319,115,525,347,11768,1002,72,-2
37,opponent,55.0,18445,2148,6138,8069,4430,579,18439,510,326,63.9,184,36.1,9885,51469,25958,544,445,118,569,308,11114,1089,80,1
37,opponent,55.0,18445,2148,6138,8069,4430,579,18439,510,326,63.9,184,36.1,9885,51469,25958,544,445,118,569,308,11114,1089,80,-2
38,opponent,53.1,22473,1899,5948,10051,6698,894,22465,592,394,66.6,198,33.4,12588,65595,34073,713,564,163,465,265,14935,1630,91,1
38,opponent,53.1,22473,1899,5948,10051,6698,894,22465,592,394,66.6,198,33.4,12588,65595,34073,713,564,163,465,265,14935,1630,91,-2
39,opponent,54.9,22763,2003,6612,10553,5815,818,22756,681,434,63.7,247,36.3,12690,65770,34552,693,528,152,577,312,14474,1539,92,1
39,opponent,54.9,22763,2003,6612,10553,5815,818,22756,681,434,63.7,247,36.3,12690,65770,34552,693,528,152,577,312,14474,1539,92,-2
40,opponent,44.4,21190,2249,6635,9463,5298,687,21181,588,349,59.4,239,40.6,11878,62594,31052,635,481,140,505,300,13588,1219,93,1
40,opponent,44.4,21190,2249,6635,9463,5298,687,21181,588,349,59.4,239,40.6,11878,62594,31052,635,481,140,505,300,13588,1219,93,-2
1,team,42.0,18371,2222,6215,8104,4235,605,18364,504,271,53.8,233,46.2,8699,42737,20539,420,310,102,616,278,9576,969,102,2
2,team,48.1,21254,2066,6214,9532,5722,799,21247,530,297,56.0,232,43.8,10777,57778,30509,653,461,146,569,341,12839,1559,6,2
3,team,50.6,23038,2006,6787,10729,5702,868,23033,600,383,63.8,217,36.2,12629,65613,34800,705,531,164,555,353,14978,1456,7,2
4,team,64.2,28778,2236,7093,14319,7567,1055,28771,747,474,63.5,273,36.5,18228,93372,52508,961,704,280,623,358,21334,2059,10,2
5,team,53.7,23691,2299,7311,10969,5603,826,23685,655,372,56.8,283,43.2,13042,66497,33876,666,482,187,588,364,15573,1501,12,2
6,team,55.2,24789,2272,7479,11772,5737,719,24783,591,346,58.5,244,41.3,13606,72693,38568,665,544,125,572,310,15869,1434,19,2
7,team,41.3,18574,2215,6501,7898,4374,646,18568,519,281,54.1,238,45.9,9062,51953,26751,571,382,106,576,291,10039,1063,24,2
8,team,48.4,20889,2493,7657,9086,4313,498,20888,597,339,56.8,258,43.2,11059,55476,26247,531,403,89,650,330,12844,1087,27,2
9,team,46.9,20970,2604,7525,9167,4471,581,20965,616,373,60.6,243,39.4,11191,60124,30222,610,468,119,563,331,13239,1196,29,2
10,team,41.5,18658,2003,5988,8734,4125,551,18653,452,242,53.5,210,46.5,9326,44746,20748,399,328,92,603,301,10197,910,34,2
11,team,44.7,19055,2401,6704,8239,4287,600,19050,495,270,54.5,225,45.5,9255,49523,24761,435,354,96,588,321,10466,1036,100,2
12,team,47.2,20500,2377,7382,8840,4535,719,20487,683,348,51.0,335,49.0,10842,56754,29187,569,405,154,614,302,12487,1334,99,2
13,team,45.3,19305,2231,6593,8320,4619,647,19298,612,368,60.1,244,39.9,10034,55423,27611,575,449,112,613,404,10923,1110,54,2
14,team,46.9,20565,2013,6066,9272,5397,697,20557,467,261,55.9,206,44.1,10211,50361,23279,417,358,76,597,309,11775,1313,67,2
15,team,49.9,21279,2161,6591,9702,5241,734,21275,639,357,55.9,282,44.1,10829,61444,32089,697,497,151,696,371,12632,1299,70,2
16,team,59.9,28389,2399,8154,12038,8430,1198,28377,780,456,58.5,324,41.5,18562,96303,51714,1029,757,330,495,277,21234,2061,71,2
17,team,54.3,23452,2574,7504,10671,5504,851,23442,670,360,53.7,310,46.3,13289,69380,36038,667,546,178,626,391,15188,1447,72,2
18,team,59.4,25980,2692,8904,11372,5872,742,25977,588,305,51.9,283,48.1,15097,68309,34977,625,517,139,589,326,18197,1580,80,2
19,team,43.6,17905,1994,5790,7525,4822,630,17896,642,360,56.1,282,43.9,9186,52453,27482,554,449,109,656,294,9503,1187,91,2
20,team,56.8,24258,2439,7743,10778,5950,974,24252,746,450,60.3,296,39.7,14622,78519,42169,790,483,240,570,332,16415,1683,93,2
21,opponent,58.2,24006,2263,7419,10974,5796,897,23997,638,375,58.8,262,41.1,13155,67162,34846,656,466,159,632,288,15266,1558,102,2
22,opponent,51.9,23145,2686,8299,9724,5338,738,23142,582,358,61.5,224,38.5,13233,61552,29810,586,413,154,626,284,14558,1356,6,2
23,opponent,49.4,22840,2520,7416,10829,4797,518,22832,619,326,52.7,293,47.3,12320,62922,31387,495,430,78,587,343,14731,1304,7,2
24,opponent,35.2,18008,2652,7090,7453,3639,576,18005,493,249,50.5,244,49.5,9266,49398,23152,448,287,136,569,343,10357,931,10,2
25,opponent,45.9,21018,2221,6760,9187,5302,736,21015,695,371,53.4,324,46.6,11051,61249,32663,686,469,160,562,338,12921,1356,12,2
26,opponent,44.4,21082,2265,6965,9473,4873,676,21074,762,476,62.5,286,37.5,10464,53122,25441,547,395,133,679,410,12239,1241,19,2
27,opponent,59.1,24939,2196,6771,12031,6336,803,24926,712,410,57.6,302,42.4,14139,77242,41615,735,581,139,672,345,16592,1789,24,2
28,opponent,51.6,22214,1764,6198,10589,5631,834,22205,623,354,56.8,268,43.0,12291,66584,35516,657,488,163,567,321,14181,1463,27,2
29,opponent,52.9,23110,1938,6189,10593,6526,976,23105,646,371,57.4,275,42.6,12859,72070,39484,800,567,194,533,282,15370,1679,29,2
30,opponent,58.8,25022,2099,7619,12389,5225,653,25018,594,346,58.2,248,41.8,14196,68698,34864,612,505,111,621,339,16581,1509,34,2
31,opponent,66.0,22987,2120,6813,10236,6130,960,22978,632,358,56.6,274,43.4,12410,63240,33624,706,505,190,644,337,14472,1594,100,2
32,opponent,53.1,22619,2204,6680,10519,5639,842,22613,611,374,61.2,237,38.8,12819,67914,35497,716,561,187,554,321,14569,1437,99,2
33,opponent,54.9,22593,2165,6846,10513,5434,804,22585,551,303,55.0,248,45.0,12228,64653,33902,650,495,141,622,359,14251,1358,54,2
34,opponent,53.3,23306,2463,7877,10125,5520,747,23299,598,347,58.0,251,42.0,12658,67449,35402,722,527,182,603,326,14488,1309,67,2
35,opponent,50.1,21403,2364,7202,9223,5218,723,21394,688,408,59.3,280,40.7,11305,58159,29428,603,470,154,614,341,12807,1315,70,2
36,opponent,34.0,20331,2591,6738,8722,5040,681,20326,502,291,58.0,211,42.0,11747,60712,32279,632,509,147,507,349,13167,1250,71,2
37,opponent,45.3,20488,2362,6990,8514,5184,665,20482,546,286,52.4,260,47.6,11269,57819,28984,587,471,149,625,326,12202,1191,72,2
38,opponent,40.2,19020,2220,6221,8288,4698,685,19016,542,306,56.5,236,43.5,9919,52159,26910,521,423,124,558,298,11202,1174,80,2
39,opponent,56.4,21974,2234,7262,9584,5338,726,21966,623,357,57.3,266,42.7,11943,61183,31339,597,444,133,663,325,13584,1383,91,2
40,opponent,43.0,19595,2370,6846,8101,4842,700,19590,476,247,51.9,229,48.1,10274,56171,27932,583,422,161,521,309,11770,1087,93,2
1,team,45.1,20070,2715,7746,8468,4071,631,20067,666,296,44.4,310,46.5,10790,56980,29134,569,432,131,580,281,12047,1080,1,3
2,team,51.6,22736,1978,6159,10166,6645,931,22729,734,347,47.3,305,41.6,12897,70948,39281,864,587,217,554,351,14284,1801,6,3
3,team,50.6,24416,2414,7789,11103,5714,934,24414,656,322,49.1,262,39.9,13702,67405,35788,730,473,200,486,277,16705,1557,7,3
4,team,64.3,28418,2020,6758,14000,7889,1153,28416,802,396,49.4,321,40.0,18805,101341,55627,963,784,279,546,326,21141,2168,10,3
5,team,50.6,22482,2329,7275,10222,5227,718,22473,773,365,47.2,311,40.2,12640,63649,31063,620,492,156,564,353,14567,1259,12,3
6,team,50.2,22608,2214,7194,10099,5553,734,22605,700,323,46.1,295,42.1,13546,71269,36623,704,558,161,566,298,14591,1393,19,3
7,team,41.9,18156,2374,6497,7769,4091,579,18151,569,246,43.2,249,43.8,9031,48205,24623,475,350,89,567,354,9839,960,24,3
8,team,45.5,19948,2416,7058,8743,4363,619,19943,708,342,48.3,311,43.9,11274,60085,29395,561,408,107,577,345,11950,1185,27,3
9,team,43.1,18805,2216,6173,8355,4471,688,18800,575,257,44.7,260,45.2,9604,51135,25085,528,385,111,526,245,10712,1135,29,3
10,team,39.9,17947,1980,5769,8366,3992,589,17939,456,217,47.6,189,41.4,8694,41812,20506,365,292,78,504,268,9604,989,34,3
11,team,51.3,22397,2619,7918,9753,4932,761,22388,728,341,46.8,311,42.7,13365,73974,38669,725,497,167,467,330,15020,1364,35,3
12,team,41.1,18171,2351,6553,8032,3792,524,18166,556,293,52.7,198,35.6,9509,50982,24564,476,341,94,498,302,10356,935,54,3
13,team,48.0,20888,2287,6397,9352,5331,709,20883,626,313,50.0,247,39.5,11200,58264,28888,545,416,128,590,316,12580,1338,67,3
14,team,51.2,21773,2061,6266,9706,6029,699,21765,660,296,44.8,290,43.9,12216,65376,33507,703,547,131,554,374,13384,1377,70,3
15,team,60.9,28884,2415,7781,12859,8464,1151,28872,971,475,48.9,379,39.0,19025,100381,53186,1008,735,338,490,297,21956,2000,71,3
16,team,54.6,23231,2283,6890,10794,5762,798,23227,680,307,45.1,293,43.1,13362,70912,36738,692,499,187,607,368,15101,1463,72,3
17,team,52.6,22999,2284,7140,10069,5984,741,22994,604,269,44.5,257,42.5,13542,67133,32550,558,520,122,515,312,15242,1497,80,3
18,team,52.0,21621,2061,6446,9155,6255,822,21613,747,352,47.1,307,41.1,12239,69490,37661,786,630,166,555,338,13469,1457,91,3
19,team,48.7,20748,2571,7370,9027,4583,638,20744,718,309,43.0,318,44.3,11499,64338,32319,610,451,147,589,316,12521,1233,92,3
20,team,56.9,23817,2621,7659,10215,6180,911,23810,880,435,49.4,345,39.2,14392,81466,45470,846,570,239,552,343,16363,1617,93,3
21,opponent,54.9,23165,1977,6271,10606,6490,1018,23159,711,343,48.2,280,39.4,13817,75543,41267,860,626,236,483,277,15279,1691,1,3
22,opponent,48.4,21996,2875,8384,9236,4606,626,21993,718,320,44.6,322,44.8,12124,62047,30317,549,410,135,600,286,13412,1202,6,3
23,opponent,49.4,24043,2425,7018,11697,5530,691,24038,764,351,45.9,334,43.7,14819,75451,38319,729,515,146,540,333,16237,1617,7,3
24,opponent,35.7,17703,2713,6968,7319,3601,547,17700,567,271,47.8,227,40.0,9548,51240,23752,474,341,131,517,295,10223,952,10,3
25,opponent,49.4,21955,2101,6663,9684,5848,784,21951,774,363,46.9,338,43.7,12653,68202,36566,750,606,147,492,327,14098,1553,12,3
26,opponent,49.8,22441,2271,6852,10804,4993,631,22433,747,381,51.0,295,39.5,13039,64525,31897,536,393,137,617,369,14469,1277,19,3
27,opponent,58.1,23666,2154,6661,10803,6401,957,23656,746,351,47.1,320,42.9,13832,75623,41624,823,601,187,596,303,15488,1728,24,3
28,opponent,54.5,23458,2067,6449,10874,6360,932,23448,695,323,46.5,280,40.3,13420,73031,39930,737,555,204,588,353,15458,1597,27,3
29,opponent,56.9,23635,2324,7122,10596,6153,936,23629,680,299,44.0,301,44.3,13382,73050,39005,748,549,223,539,351,15672,1619,29,3
30,opponent,60.1,25413,2202,7690,12149,5823,670,25405,714,334,46.8,285,39.9,14675,76173,38257,689,544,138,556,256,16902,1504,34,3
31,opponent,48.7,21778,2166,6541,9479,5967,808,21770,623,288,46.2,244,39.2,12612,66228,34356,677,507,165,467,307,14270,1425,35,3
32,opponent,58.9,24505,1788,5800,12118,6813,758,24498,652,298,45.7,283,43.4,15033,80117,44803,795,569,132,561,300,16791,1695,54,3
33,opponent,52.0,22253,2493,7751,9410,5318,786,22249,673,322,47.8,266,39.5,12906,68441,35932,680,486,170,586,268,14007,1357,67,3
34,opponent,48.8,21335,2445,7779,8961,4840,738,21330,765,383,50.1,281,36.7,11197,60030,30078,589,432,165,594,355,12797,1222,70,3
35,opponent,39.1,19962,2604,6935,8542,4676,640,19957,617,306,49.6,259,42.0,11793,62129,32006,631,505,140,470,283,12901,1178,71,3
36,opponent,45.4,20064,2400,7172,8271,4812,654,20062,681,328,48.2,285,41.9,10456,56751,26955,575,450,130,558,375,12005,1017,72,3
37,opponent,47.4,21295,2448,6960,9373,5171,750,21292,661,310,46.9,281,42.5,12175,64885,33004,643,488,160,532,306,13534,1265,80,3
38,opponent,48.0,20602,2406,7019,9022,4748,680,20597,712,334,46.9,311,43.7,11306,59758,29191,480,379,117,545,367,12455,1209,91,3
39,opponent,51.3,21570,2128,6441,9260,6084,980,21560,712,332,46.6,296,41.6,11974,64300,33417,723,531,215,533,375,13506,1474,92,3
40,opponent,43.1,19276,2222,6362,8049,5094,744,19272,597,264,44.2,270,45.2,10571,57621,30001,640,480,170,513,308,11928,1226,93,3
1,team,41.8,18179,2162,6122,7564,4706,764,18172,625,310,49.6,254,40.6,8574,48049,25494,550,364,138,572,299,9972,1252,102,4
2,team,46.4,20902,2654,7711,9323,4094,614,20900,667,299,44.8,314,47.1,11128,59196,30444,590,424,132,550,269,12660,1082,1,4
3,team,49.8,22845,1965,6376,10617,6083,901,22839,743,338,45.5,349,47.0,12487,65998,34507,735,528,193,571,366,14367,1596,6,4
4,team,50.8,24749,2368,7880,11405,5662,954,24743,567,297,52.4,227,40.0,14402,72549,38491,758,546,181,533,303,16931,1580,7,4
5,team,64.3,28717,2191,7360,14262,7313,1077,28710,826,384,46.5,338,40.9,17768,96311,54148,964,728,262,605,305,21296,1911,10,4
6,team,50.4,23335,2339,7497,10512,5555,886,23332,793,386,48.7,329,41.5,13053,68844,34142,676,495,186,626,427,15184,1424,12,4
7,team,46.1,22062,2314,7084,9675,5538,818,22057,646,295,45.7,291,45.0,12540,63894,32693,660,489,162,600,336,13773,1332,19,4
8,team,43.3,19166,2242,6375,8425,4551,570,19163,537,230,42.8,263,49.0,9664,52345,25428,456,422,76,571,343,10662,996,24,4
9,team,44.8,19243,2020,5619,8971,4848,684,19236,552,239,43.3,261,47.3,9360,49101,24618,439,385,122,576,281,10603,1124,34,4
10,team,56.9,25779,2695,8432,11583,5985,977,25771,745,353,47.4,297,39.9,16055,90323,46626,894,599,234,584,376,18610,1673,35,4
11,team,45.6,20152,2413,7720,8677,3997,667,20144,658,303,46.0,296,45.0,10969,57198,28813,512,379,112,600,305,12010,1030,100,4
12,team,59.2,27041,2667,9077,12876,5282,614,27036,680,316,46.5,308,45.3,15544,71689,36286,577,459,116,645,365,18955,1573,104,4
13,team,45.0,19767,2279,6620,8961,4390,672,19764,511,251,49.1,219,42.9,9848,53864,26398,498,377,108,566,313,11353,1155,54,4
14,team,47.5,21181,2147,6244,9526,5586,720,21176,530,237,44.7,247,46.6,10522,54022,25894,501,408,97,540,283,12730,1306,67,4
15,team,49.4,21757,2306,7210,9672,5091,669,21751,653,283,43.3,306,46.9,10906,56132,26844,506,368,116,634,373,13171,1327,70,4
16,team,59.2,28670,2455,7880,13241,7813,1156,28665,889,401,45.1,393,44.2,18483,97637,52448,950,802,315,480,312,21642,1923,71,4
17,team,55.3,23321,2214,6934,11207,5377,769,23317,681,321,47.1,284,41.7,12972,71091,36540,685,465,175,612,351,15092,1402,72,4
18,team,50.3,22878,2261,7429,10033,5651,746,22876,632,292,46.2,278,44.0,12225,64805,32942,635,447,146,620,280,14506,1406,80,4
19,team,44.3,20444,2323,7222,9012,4440,593,20435,644,276,42.9,294,45.7,10723,56085,28187,522,399,136,582,318,12130,1151,91,4
20,team,49.6,22729,2879,8003,9685,5250,848,22722,723,351,48.5,329,45.5,12248,68209,34560,654,491,189,570,356,15179,1548,93,4
21,opponent,58.2,24410,2398,7446,11388,5787,818,24402,698,339,48.6,290,41.5,13762,75816,41243,744,542,187,663,288,16187,1487,102,4
22,opponent,53.6,23390,2099,6542,10880,6169,1003,23381,641,302,47.1,280,43.7,13182,69802,36749,751,563,204,518,353,15316,1620,1,4
23,opponent,50.2,23484,2691,8965,10228,4515,674,23479,707,330,46.7,305,43.1,12385,62315,30852,521,413,127,636,276,14757,1281,6,4
24,opponent,49.2,24093,2473,7087,11377,5862,780,24091,734,344,46.9,327,44.6,13383,68637,34692,648,485,140,585,327,16293,1533,7,4
25,opponent,35.7,17756,2590,6676,7139,4146,710,17754,583,280,48.0,243,41.7,8889,47244,23635,487,364,162,466,328,10372,982,10,4
26,opponent,49.6,23260,2492,7590,10639,5269,717,23252,744,325,43.7,358,48.1,12459,67077,34583,649,532,144,556,334,15032,1440,12,4
27,opponent,53.9,25210,2323,7202,12448,5778,865,25201,726,354,48.8,308,42.4,14322,73397,36692,651,474,161,604,319,16825,1517,19,4
28,opponent,56.7,24061,2102,7017,10887,6383,796,24059,807,387,48.0,342,42.4,13220,72327,38991,787,604,170,628,330,15630,1662,24,4
29,opponent,55.2,22993,2488,8205,10305,4717,750,22986,640,286,44.7,291,45.5,12328,64824,32570,599,404,146,629,317,14334,1309,34,4
30,opponent,43.1,20463,2336,6616,8688,5390,863,20456,575,247,43.0,274,47.7,11743,61564,30974,610,486,160,492,270,13251,1269,35,4
31,opponent,54.4,23519,2136,6926,10791,6025,843,23513,687,334,48.6,289,42.1,13379,71262,37550,728,542,175,598,348,15349,1478,100,4
32,opponent,40.8,19855,2120,6381,8981,4703,833,19846,687,328,47.7,305,44.4,10333,56743,28580,584,379,190,566,357,11762,1191,104,4
33,opponent,55.0,23564,2063,6405,11512,5867,711,23559,718,317,44.2,340,47.4,13445,72039,37582,663,580,151,616,346,15209,1386,54,4
34,opponent,52.5,23425,2440,7860,10580,5164,768,23423,589,274,46.5,243,41.3,13001,66811,34389,646,459,171,692,282,14838,1414,67,4
35,opponent,50.6,21917,2382,7287,9837,5015,770,21915,673,338,50.2,270,40.1,11508,64079,34744,658,446,165,621,360,13403,1351,70,4
36,opponent,40.8,20983,2668,7335,9155,4702,615,20982,504,236,46.8,225,44.6,12788,66462,33195,583,460,127,502,332,13956,1247,71,4
37,opponent,44.7,19722,2455,7311,8526,4089,603,19715,619,269,43.5,283,45.7,9987,50358,22681,405,318,99,578,368,11578,936,72,4
38,opponent,49.7,22883,2402,7397,10296,5374,787,22878,692,291,42.1,335,48.4,12098,66048,34820,693,492,188,536,362,14675,1469,80,4
39,opponent,55.7,24786,2064,7654,11522,5816,801,24780,698,309,44.3,309,44.3,14210,70919,35120,621,459,147,635,348,16546,1575,91,4
40,opponent,50.4,23143,2172,6893,10048,6441,992,23137,580,272,46.9,260,44.8,13049,69618,35861,734,573,182,516,316,15513,1644,93,4
